Year,State,id,code,Area,Area Population,State Population,Violent Crime,Murder,Rape,Robbery,Aggravated Assault,Property Crime,Burglary,Larceny-theft,Motor Vehicle Theft,Total Crimes
2017,Alabama,1,AL,MSA,3732789,4874747,20585,340,1548,3738,14959,116031,24809,80666,10556,252647
2017,Alabama,1,AL,OMA,518602,4874747,3715,40,277,385,3013,20642,4169,15000,1473,44999
2017,Alabama,1,AL,NMC,623356,4874747,1251,24,203,94,930,7487,2499,4176,812,16225
2017,Alaska,2,AK,MSA,348650,739795,3859,38,418,830,2573,18698,2453,12750,3495,41255
2017,Alaska,2,AK,OMA,127272,739795,1064,6,218,83,757,4197,653,3262,282,9458
2017,Alaska,2,AK,NMC,263873,739795,1210,18,227,38,927,3309,1065,1763,481,7828
2017,Arizona,4,AZ,MSA,6665732,7016270,30412,376,3310,7316,19410,195650,35305,142278,18067,421712
2017,Arizona,4,AZ,OMA,125031,7016270,4790,35,261,92,4402,6958,1640,4559,759,18706
2017,Arizona,4,AZ,NMC,225507,7016270,442,5,10,32,395,1907,682,993,232,4256
2017,Arkansas,5,AR,MSA,1870966,3004279,11939,171,1258,1617,8893,64898,14566,44946,5386,141735
2017,Arkansas,5,AR,OMA,515402,3004279,2846,51,446,279,2070,18442,4726,12772,944,39730
2017,Arkansas,5,AR,NMC,617911,3004279,1886,36,349,39,1462,9149,2570,5656,923,20184
2017,California,6,CA,MSA,38706996,39536653,173659,1778,14254,56135,101492,969133,171737,631828,165568,2111925
2017,California,6,CA,OMA,263117,39536653,1641,13,182,296,1150,9240,1950,6070,1220,20121
2017,California,6,CA,NMC,566540,39536653,2327,39,285,191,1812,8741,3003,4135,1603,19809
2017,Colorado,8,CO,MSA,4904129,5607154,19326,209,3533,3743,11841,138023,20421,96613,20989,295372
2017,Colorado,8,CO,OMA,339363,5607154,829,5,209,80,535,10024,1443,8043,538,20877
2017,Colorado,8,CO,NMC,363662,5607154,483,7,116,15,345,3436,949,2153,334,7355
2017,Connecticut,9,CT,MSA,2967056,3588184,7739,95,732,2745,4167,59420,8014,44567,6839,126579
2017,Connecticut,9,CT,OMA,112933,3588184,125,1,24,22,78,1532,206,1215,111,3189
2017,Connecticut,9,CT,NMC,508195,3588184,316,6,81,46,183,2557,670,1528,359,5430
2017,Delaware,10,DE,MSA,961939,961939,4361,54,334,1082,2891,23476,3970,18137,1369,51313
2017,Delaware,10,DE,OMA,0,961939,0,0,0,0,0,0,0,0,0,0
2017,Delaware,10,DE,NMC,0,961939,0,0,0,0,0,1,0,1,0,2
2017,District of Columbia,11,DC,MSA,693972,693972,6974,116,444,2623,3791,29729,1809,25333,2587,66432
2017,District of Columbia,11,DC,OMA,0,693972,0,0,0,0,0,0,0,0,0,0
2017,District of Columbia,11,DC,NMC,0,693972,0,0,0,0,0,0,0,0,0,0
2017,Florida,12,FL,MSA,20272180,20984400,82182,1013,7678,18329,55162,512696,84730,385916,42050,1107574
2017,Florida,12,FL,OMA,148666,20984400,940,13,42,133,752,5002,1108,3601,293,10944
2017,Florida,12,FL,NMC,563554,20984400,2503,31,220,135,2117,9522,3015,5936,571,21547
2017,Georgia,13,GA,MSA,8648476,10429379,31963,617,2294,9194,19858,253813,45376,184272,24165,539589
2017,Georgia,13,GA,OMA,644485,10429379,2843,48,208,680,1907,25928,4979,20017,932,54699
2017,Georgia,13,GA,NMC,1136418,10429379,2452,38,216,170,2028,18557,5019,12372,1166,39566
2017,Hawaii,15,HI,MSA,1156252,1427538,2886,34,380,975,1497,33206,4237,24556,4413,69298
2017,Hawaii,15,HI,OMA,0,1427538,0,0,0,0,0,0,0,0,0,0
2017,Hawaii,15,HI,NMC,271286,1427538,691,5,187,102,397,7186,1312,5018,856,15063
2017,Idaho,16,ID,MSA,1262172,1716943,3067,20,563,170,2314,22617,4422,16514,1681,48301
2017,Idaho,16,ID,OMA,185424,1716943,425,6,66,19,334,3070,612,2274,184,6565
2017,Idaho,16,ID,NMC,269347,1716943,396,6,78,7,305,2392,621,1490,281,5180
2017,Illinois,17,IL,MSA,11331892,12802023,52451,958,4868,17292,29333,235187,38399,176814,19974,522825
2017,Illinois,17,IL,OMA,826086,12802023,2661,18,455,242,1946,17164,3389,13159,616,36989
2017,Illinois,17,IL,NMC,644045,12802023,1068,21,233,33,781,5146,1671,3184,291,11360
2017,Indiana,18,IN,MSA,5204012,6666818,24167,370,2212,6390,15195,137437,25342,98436,13659,299041
2017,Indiana,18,IN,OMA,521675,6666818,1237,9,140,149,939,14509,2046,11529,934,30255
2017,Indiana,18,IN,NMC,941131,6666818,1194,18,273,61,842,9186,2752,5626,808,19566
2017,Iowa,19,IA,MSA,1875128,3145711,5885,79,780,1103,3923,48116,10045,33812,4259,102117
2017,Iowa,19,IA,OMA,599405,3145711,2484,14,325,140,2005,14614,3368,10346,900,31712
2017,Iowa,19,IA,NMC,671178,3145711,861,11,129,10,711,4125,1665,2040,420,9111
2017,Kansas,20,KS,MSA,1983302,2913123,9097,127,1253,1562,6155,60179,9382,44337,6460,129455
2017,Kansas,20,KS,OMA,599197,2913123,2191,24,309,201,1657,17393,3262,13159,972,36977
2017,Kansas,20,KS,NMC,330624,2913123,742,9,65,22,646,4021,1287,2320,414,8784
2017,Kentucky,21,KY,MSA,2621479,4454189,7663,175,876,2586,4026,71161,13555,49835,7771,149985
2017,Kentucky,21,KY,OMA,542756,4454189,915,20,206,247,442,13481,2757,9686,1038,27877
2017,Kentucky,21,KY,NMC,1289954,4454189,1478,68,579,125,706,10191,3883,4873,1435,21860
2017,Louisiana,22,LA,MSA,3929950,4684333,22555,547,1690,5038,15280,138987,29388,99555,10044,300529
2017,Louisiana,22,LA,OMA,249151,4684333,1977,14,81,241,1641,11552,2874,8332,346,25081
2017,Louisiana,22,LA,NMC,505232,4684333,1560,21,96,79,1364,7173,2003,4598,572,15906
2017,Maine,23,ME,MSA,793252,1335907,949,6,273,189,481,12182,1815,9917,450,25313
2017,Maine,23,ME,OMA,255603,1335907,355,4,103,35,213,5022,716,4138,168,10399
2017,Maine,23,ME,NMC,287052,1335907,313,13,97,25,178,2929,803,1951,175,6171
2017,Maryland,24,MD,MSA,5901111,6052177,29897,545,1666,11135,16551,131261,22726,95128,13407,292419
2017,Maryland,24,MD,OMA,52511,6052177,255,0,17,46,192,2048,388,1569,91,4351
2017,Maryland,24,MD,NMC,98555,6052177,121,1,8,19,93,1187,394,723,70,2495
2017,Massachusetts,25,MA,MSA,6760988,6859819,24170,173,2143,4852,17002,97138,16785,72877,7476,218446
2017,Massachusetts,25,MA,OMA,91409,6859819,385,0,54,19,312,1437,304,1069,64,3259
2017,Massachusetts,25,MA,NMC,7422,6859819,5,0,0,0,5,0,0,0,0,5
2017,Michigan,26,MI,MSA,8164062,9962311,40136,528,5361,6366,27881,157112,31273,107231,18608,354360
2017,Michigan,26,MI,OMA,588043,9962311,1723,12,598,73,1040,10980,1342,9290,348,23683
2017,Michigan,26,MI,NMC,1210206,9962311,2967,29,1072,49,1817,11226,3026,7583,617,25419
2017,Minnesota,27,MN,MSA,4335177,5576606,11571,105,1895,3514,6057,103177,15151,79289,8737,217925
2017,Minnesota,27,MN,OMA,557001,5576606,1085,5,296,80,704,12299,1680,10011,608,25683
2017,Minnesota,27,MN,NMC,684428,5576606,635,3,194,27,411,6736,1956,4146,634,14107
2017,Mississippi,28,MS,MSA,1382070,2984100,3633,124,429,1088,1992,38696,8952,27189,2555,81025
2017,Mississippi,28,MS,OMA,582548,2984100,2790,51,326,731,1682,27061,8002,18001,1058,56912
2017,Mississippi,28,MS,NMC,1019482,2984100,2103,70,336,252,1445,15824,7756,7050,1018,33751
2017,Missouri,29,MO,MSA,4571538,6113532,27996,535,2278,6095,19088,141230,23244,100315,17671,310456
2017,Missouri,29,MO,OMA,659462,6113532,2340,23,279,204,1834,22169,3621,17353,1195,46678
2017,Missouri,29,MO,NMC,882532,6113532,2084,42,172,52,1818,9854,3216,5583,1055,21792
2017,Montana,30,MT,MSA,370184,1050493,1426,13,208,171,1034,14098,1694,11002,1402,29622
2017,Montana,30,MT,OMA,225508,1050493,1243,12,235,101,895,6851,807,5507,537,14945
2017,Montana,30,MT,NMC,454801,1050493,1292,16,170,23,1083,6276,1114,4509,653,13844
2017,Nebraska,31,NE,MSA,1253777,1920076,4768,37,856,897,2978,33202,4556,24117,4529,71172
2017,Nebraska,31,NE,OMA,338896,1920076,802,3,258,61,480,8312,1353,6507,452,17426
2017,Nebraska,31,NE,NMC,327403,1920076,303,3,77,10,213,2149,563,1364,222,4601
2017,Nevada,32,NV,MSA,2724009,2998039,15990,260,1773,4806,9151,74017,18877,42781,12359,164024
2017,Nevada,32,NV,OMA,48711,2998039,236,6,44,17,169,1377,330,932,115,2990
2017,Nevada,32,NV,NMC,225319,2998039,441,8,73,18,342,2928,842,1748,338,6297
2017,New Hampshire,33,NH,MSA,844743,1342795,1736,9,380,313,1034,11008,1447,8992,569,23752
2017,New Hampshire,33,NH,OMA,452773,1342795,882,5,267,104,506,7185,1019,5837,329,15252
2017,New Hampshire,33,NH,NMC,45279,1342795,50,0,16,2,32,362,108,237,17,774
2017,New Jersey,34,NJ,MSA,9005644,9005644,20604,324,1505,7895,10880,140086,23891,104025,12170,300776
2017,New Jersey,34,NJ,OMA,0,9005644,0,0,0,0,0,0,0,0,0,0
2017,New Jersey,34,NJ,NMC,0,9005644,0,0,0,0,0,0,0,0,0,0
2017,New Mexico,35,NM,MSA,1392948,2088070,12153,102,898,3409,7744,63392,12665,40610,10117,138937
2017,New Mexico,35,NM,OMA,398213,2088070,2734,29,220,260,2225,15333,3852,10322,1159,33400
2017,New Mexico,35,NM,NMC,296909,2088070,1472,17,141,53,1261,3581,1400,1685,496,8634
2017,New York,36,NY,MSA,18471765,19849399,68039,523,5291,19872,42353,276293,31528,231892,12873,620625
2017,New York,36,NY,OMA,506148,19849399,1260,11,278,187,784,15569,1562,13782,225,32398
2017,New York,36,NY,NMC,871486,19849399,1500,14,755,49,682,8693,1912,6469,312,18886
2017,North Carolina,37,NC,MSA,8060478,10273419,30803,450,2184,8154,20015,209340,47782,148496,13062,449483
2017,North Carolina,37,NC,OMA,650145,10273419,3778,75,225,837,2641,28282,7152,19894,1236,60342
2017,North Carolina,37,NC,NMC,1562796,10273419,2783,66,306,359,2052,23864,9852,12512,1500,50511
2017,North Dakota,38,ND,MSA,376890,755393,1193,4,226,143,820,10148,1567,7708,873,21489
2017,North Dakota,38,ND,OMA,195777,755393,748,4,131,35,578,4739,948,3163,628,10226
2017,North Dakota,38,ND,NMC,182726,755393,184,2,42,5,135,1715,427,1016,272,3614
2017,Ohio,39,OH,MSA,9298408,11658609,31168,642,4891,11034,14601,239845,49912,171437,18496,510858
2017,Ohio,39,OH,OMA,1044126,11658609,2007,36,550,421,1000,28425,4921,22543,961,58857
2017,Ohio,39,OH,NMC,1316075,11658609,1508,32,418,150,908,13764,3740,9228,796,29036
2017,Oklahoma,40,OK,MSA,2655595,3930864,13871,206,1629,2697,9339,81976,20294,52055,9627,177823
2017,Oklahoma,40,OK,OMA,710875,3930864,3002,28,389,265,2320,23683,5712,16235,1736,50368
2017,Oklahoma,40,OK,NMC,564394,3930864,1061,8,124,38,891,7407,2602,3917,888,15875
2017,Oregon,41,OR,MSA,3476871,4142776,9878,89,1701,2257,5831,107527,14417,77746,15364,224932
2017,Oregon,41,OR,OMA,311774,4142776,1009,4,160,143,702,11040,1786,8225,1029,23089
2017,Oregon,41,OR,NMC,354131,4142776,787,11,138,32,606,5155,1502,2906,747,11097
2017,Pennsylvania,42,PA,MSA,11340583,12805537,37390,693,3613,11547,21537,193907,28218,153344,12345,425204
2017,Pennsylvania,42,PA,OMA,675346,12805537,1585,21,137,155,1272,8829,1333,7263,233,19243
2017,Pennsylvania,42,PA,NMC,789608,12805537,1145,25,451,91,578,8484,2506,5571,407,18113
2017,Puerto Rico,72,PR,MSA,3190926,3337177,7509,658,201,3001,3649,30209,7606,19045,3558,67927
2017,Puerto Rico,72,PR,OMA,146251,3337177,253,21,8,54,170,967,343,588,36,2187
2017,Puerto Rico,72,PR,NMC,0,3337177,0,0,0,0,0,0,0,0,0,0
2017,Rhode Island,44,RI,MSA,1059639,1059639,2436,19,432,473,1512,18507,3217,13809,1481,39450
2017,Rhode Island,44,RI,OMA,0,1059639,0,0,0,0,0,0,0,0,0,0
2017,Rhode Island,44,RI,NMC,0,1059639,24,1,13,1,9,54,0,52,2,132
2017,South Carolina,45,SC,MSA,4279294,5024369,21216,313,2127,3369,15407,135417,24831,98083,12503,292050
2017,South Carolina,45,SC,OMA,203970,5024369,1919,26,137,278,1478,10918,2243,8178,497,23755
2017,South Carolina,45,SC,NMC,541105,5024369,2297,51,240,223,1783,14240,4232,8751,1257,30777
2017,South Dakota,46,SD,MSA,420832,869666,1638,13,324,174,1127,9929,1548,7460,921,21496
2017,South Dakota,46,SD,OMA,219744,869666,1914,7,213,53,1641,5297,870,4071,356,12508
2017,South Dakota,46,SD,NMC,229090,869666,219,5,58,11,145,1091,289,696,106,2401
2017,Tennessee,47,TN,MSA,5208587,6715984,37597,479,2443,7498,27177,163250,30730,117262,15258,364097
2017,Tennessee,47,TN,OMA,515162,6715984,3238,25,255,247,2711,19530,3503,14723,1304,42298
2017,Tennessee,47,TN,NMC,992235,6715984,2920,23,236,117,2544,14708,4483,8263,1962,32336
2017,Texas,48,TX,MSA,25244087,28304596,115298,1311,13133,31573,69281,673378,119794,488952,64632,1462054
2017,Texas,48,TX,OMA,1446994,28304596,5655,41,695,539,4380,34188,7824,24561,1803,74031
2017,Texas,48,TX,NMC,1613515,28304596,3285,60,642,155,2428,17762,6448,9708,1606,38809
2017,Utah,49,UT,MSA,2773185,3101833,6719,67,1544,1450,3658,80375,10856,60471,9048,167469
2017,Utah,49,UT,OMA,149804,3101833,378,3,92,11,272,3357,507,2626,224,7092
2017,Utah,49,UT,NMC,178844,3101833,313,3,61,7,242,2506,454,1795,257,5325
2017,Vermont,50,VT,MSA,218089,623657,389,3,97,44,245,3779,580,3157,42,7947
2017,Vermont,51,VT,OMA,202042,623657,394,2,82,34,276,3551,623,2864,64,7496
2017,Vermont,50,VT,NMC,203526,623657,251,9,39,14,189,1630,651,891,88,3511
2017,Virginia,51,VA,MSA,7428019,8470020,15714,387,2445,4088,8794,136408,15523,111728,9157,288530
2017,Virginia,51,VA,OMA,256861,8470020,714,26,90,158,440,6876,957,5586,333,14466
2017,Virginia,51,VA,NMC,785140,8470020,1204,40,327,86,751,8571,1988,5901,682,18346
2017,Washington,53,WA,MSA,6668792,7405743,20983,209,2944,5200,12630,217252,39446,150761,27045,455487
2017,Washington,53,WA,OMA,304884,7405743,1045,9,221,149,666,12014,2145,8661,1208,25073
2017,Washington,53,WA,NMC,432067,7405743,520,12,90,41,377,5761,2129,3089,543,12042
2017,West Virginia,54,WV,MSA,1123324,1815857,4244,62,558,443,3181,25592,5687,17609,2296,55428
2017,West Virginia,54,WV,OMA,186093,1815857,620,8,88,49,475,3502,589,2700,213,7624
2017,West Virginia,54,WV,NMC,506440,1815857,1504,15,149,32,1308,4536,1352,2691,493,10576
2017,Wisconsin,55,WI,MSA,4296895,5795483,16365,171,1632,4237,10325,84630,14080,61920,8630,185625
2017,Wisconsin,55,WI,OMA,655239,5795483,1303,7,285,87,924,13578,1598,11533,447,28459
2017,Wisconsin,55,WI,NMC,843349,5795483,871,8,222,21,620,6594,1921,4282,391,14059
2017,Wyoming,56,WY,MSA,178138,579315,465,6,94,55,310,4881,784,3678,419,10227
2017,Wyoming,56,WY,OMA,245155,579315,589,3,112,19,455,4597,580,3759,258,9783
2017,Wyoming,56,WY,NMC,156022,579315,322,6,57,2,257,1126,229,795,102,2574
2016,Alabama,1,AL,MSA,3716889,4863300,20949,332,1498,4200,14919,115564,27156,78771,9637,252077
2016,Alabama,1,AL,OMA,520422,4863300,3646,42,269,421,2914,20291,4275,14641,1375,44228
2016,Alabama,1,AL,NMC,625989,4863300,1291,33,149,65,1044,7507,2634,4162,711,16305
2016,Alaska,2,AK,MSA,350298,741894,3751,35,583,741,2392,17143,2243,12620,2280,38037
2016,Alaska,2,AK,OMA,128053,741894,989,2,169,73,745,4177,672,3184,321,9343
2016,Alaska,2,AK,NMC,263543,741894,1226,15,301,36,874,3556,1138,1962,456,8338
2016,Arizona,4,AZ,MSA,6583506,6931071,27789,338,3025,6971,17455,198543,35844,145152,17547,424875
2016,Arizona,4,AZ,OMA,124210,6931071,4342,32,250,65,3995,5937,1199,4069,669,16216
2016,Arizona,4,AZ,NMC,223355,6931071,452,10,15,19,408,1952,693,1054,205,4356
2016,Arkansas,5,AR,MSA,1851896,2988248,11576,144,1316,1711,8405,68762,15655,47856,5251,149100
2016,Arkansas,5,AR,OMA,515688,2988248,3109,47,500,369,2193,19599,5236,13327,1036,42307
2016,Arkansas,5,AR,NMC,620664,2988248,1776,25,327,40,1384,9312,2880,5564,868,20400
2016,California,6,CA,MSA,38426705,2988248,170887,1880,13292,54296,101419,983927,182929,626856,174113,2138712
2016,California,6,CA,OMA,268891,2988248,1805,8,164,310,1323,9604,2243,6260,1101,21013
2016,California,6,CA,NMC,554421,39250017,2104,42,246,183,1633,8539,3132,3894,1513,19182
2016,Colorado,8,CO,MSA,4845078,39250017,17882,190,3235,3459,10998,139156,21542,98740,18854,296174
2016,Colorado,8,CO,OMA,337897,39250017,697,11,181,52,453,9405,1408,7557,404,19471
2016,Colorado,8,CO,NMC,357570,5540545,404,3,139,17,245,3289,953,2039,297,6982
2016,Connecticut,9,CT,MSA,2961626,3576452,7706,70,685,2629,4322,60060,9054,44302,6704,127826
2016,Connecticut,9,CT,OMA,113580,3576452,135,1,21,37,76,1756,248,1417,91,3647
2016,Connecticut,9,CT,NMC,501246,3576452,282,7,57,37,181,2848,743,1793,312,5978
2016,Delaware,10,DE,MSA,952065,952065,4843,56,307,1359,3121,26333,5023,19790,1520,57509
2016,Delaware,10,DE,OMA,0,952065,0,0,0,0,0,0,0,0,0,0
2016,Delaware,10,DE,NMC,0,952065,1,0,1,0,0,1,0,1,0,3
2016,District of Columbia,11,DC,MSA,681170,681170,8214,139,532,3480,4063,32716,2361,27382,2973,73646
2016,District of Columbia,11,DC,OMA,0,681170,0,0,0,0,0,0,0,0,0,0
2016,District of Columbia,11,DC,NMC,0,681170,0,0,0,0,0,0,0,0,0,0
2016,Florida,12,FL,MSA,19905117,20612439,85327,1071,7352,19889,57015,538945,96110,400513,42322,1163217
2016,Florida,12,FL,OMA,146572,20612439,985,11,44,149,781,5459,1229,3967,263,11903
2016,Florida,12,FL,NMC,560750,20612439,2388,29,202,137,2020,9408,2986,5872,550,21204
2016,Georgia,13,GA,MSA,8537584,10310371,35206,588,2986,11297,20335,262449,52298,185405,24746,560104
2016,Georgia,13,GA,OMA,644378,10310371,3132,59,238,717,2118,27637,5550,21226,861,58406
2016,Georgia,13,GA,NMC,1128409,10310371,2652,34,285,191,2142,19684,5496,12994,1194,42020
2016,Hawaii,15,HI,MSA,1160343,1428557,3781,21,459,904,2397,36333,4736,26534,5063,76447
2016,Hawaii,15,HI,OMA,0,1428557,0,0,0,0,0,0,0,0,0,0
2016,Hawaii,15,HI,NMC,268214,1428557,636,14,160,90,372,6420,1281,4548,591,13476
2016,Idaho,16,ID,MSA,1127333,1683140,2775,28,507,170,2070,21858,4307,16026,1525,46491
2016,Idaho,16,ID,OMA,255530,1683140,592,11,117,32,432,4625,993,3340,292,9842
2016,Idaho,16,ID,NMC,300277,1683140,509,10,95,11,393,2874,1018,1596,260,6257
2016,Illinois,17,IL,MSA,11329203,12801539,52414,1022,4340,17544,29508,239672,42707,177817,19148,531758
2016,Illinois,17,IL,OMA,829170,12801539,2399,7,355,235,1802,17269,3499,13291,479,36937
2016,Illinois,17,IL,NMC,643166,12801539,1041,25,213,48,755,5365,1783,3299,283,11771
2016,Indiana,18,IN,MSA,5169542,6633053,24435,396,2068,7126,14845,148420,29206,105936,13278,321275
2016,Indiana,18,IN,OMA,522889,6633053,1236,11,178,159,888,14740,2202,11730,808,30716
2016,Indiana,18,IN,NMC,940622,6633053,1174,32,255,45,842,8599,2689,5265,645,18372
2016,Iowa,19,IA,MSA,1857824,3134693,6192,50,891,971,4280,46504,9882,32856,3766,99200
2016,Iowa,19,IA,OMA,595688,3134693,2151,13,246,166,1726,14760,3441,10516,803,31671
2016,Iowa,19,IA,NMC,681181,3134693,767,8,110,11,638,4127,1707,2006,414,9021
2016,Kansas,20,KS,MSA,1970971,2907289,8310,86,898,1460,5866,57021,9579,41845,5597,122352
2016,Kansas,20,KS,OMA,605300,2907289,2068,12,341,187,1528,17483,3394,13116,973,37034
2016,Kansas,20,KS,NMC,331018,2907289,682,13,73,24,572,3863,1391,2105,367,8408
2016,Kentucky,21,KY,MSA,2604116,4436974,7859,176,879,2911,3893,73569,14192,51591,7786,154997
2016,Kentucky,21,KY,OMA,538773,4436974,959,14,195,298,452,13676,2835,9932,909,28311
2016,Kentucky,21,KY,NMC,1294085,4436974,1490,70,567,160,693,9913,3807,4915,1191,21316
2016,Louisiana,22,LA,MSA,3923928,4681666,23135,499,1639,5220,15777,135537,29581,96462,343,285058
2016,Louisiana,22,LA,OMA,248647,4681666,1758,21,82,268,1387,11525,2941,8210,374,24808
2016,Louisiana,22,LA,NMC,509091,4681666,1609,34,95,88,1392,7324,2145,4708,471,16257
2016,Maine,23,ME,MSA,789447,1331479,1003,8,225,198,572,13743,2404,10881,458,28489
2016,Maine,23,ME,OMA,258813,1331479,396,7,116,53,220,5404,839,4416,149,11204
2016,Maine,23,ME,NMC,283219,1331479,249,5,71,15,158,2765,760,1837,168,5779
2016,Maryland,24,MD,MSA,5866031,6016447,28003,477,1711,10222,15593,134419,24001,98686,11732,296841
2016,Maryland,24,MD,OMA,52622,6016447,246,3,24,58,161,1823,325,1451,47,3892
2016,Maryland,24,MD,NMC,97794,6016447,151,1,21,9,120,1203,366,782,55,2557
2016,Massachusetts,25,MA,MSA,6713214,6811779,25319,129,2070,5344,17776,104725,18841,77877,8007,234769
2016,Massachusetts,25,MA,OMA,91574,6811779,353,5,57,21,270,1614,352,1211,51,3581
2016,Massachusetts,25,MA,NMC,6991,6811779,5,0,1,0,4,0,0,0,0,5
2016,Michigan,26,MI,MSA,8132404,9928300,40579,568,5317,6979,27715,165307,34612,111510,19185,371193
2016,Michigan,26,MI,OMA,596485,9928300,1611,8,548,78,977,11623,1389,9880,354,24857
2016,Michigan,26,MI,NMC,1199411,9928300,3382,22,1260,63,2037,12690,3567,8486,637,28762
2016,Minnesota,27,MN,MSA,4285006,5519952,11636,84,1891,3610,6051,99694,15244,76823,7627,211024
2016,Minnesota,27,MN,OMA,536351,5519952,1071,9,265,93,704,11809,1529,9732,548,24689
2016,Minnesota,27,MN,NMC,698595,5519952,687,8,192,25,462,6253,1833,3867,553,13193
2016,Mississippi,28,MS,MSA,1377735,2988726,3732,111,431,1298,1892,39162,8556,28063,2543,82056
2016,Mississippi,28,MS,OMA,582351,2988726,2602,75,360,829,1338,27419,7853,18587,979,57440
2016,Mississippi,28,MS,NMC,1028640,2988726,2049,52,486,270,1241,16151,6945,8404,802,34351
2016,Missouri,29,MO,MSA,4549686,6093000,26941,474,2151,6269,18047,138978,24544,98121,16313,304897
2016,Missouri,29,MO,OMA,660363,6093000,2450,32,240,242,1936,21296,3665,16643,988,45042
2016,Missouri,29,MO,NMC,882951,6093000,2253,31,163,59,2000,10275,3501,5780,994,22803
2016,Montana,30,MT,MSA,367953,1042520,1307,7,185,172,943,13392,1824,10193,1375,28091
2016,Montana,30,MT,OMA,220793,1042520,1335,11,242,68,1014,7694,938,6096,660,16723
2016,Montana,30,MT,NMC,453774,1042520,1198,18,151,26,1003,6890,1172,5010,708,14978
2016,Nebraska,31,NE,MSA,1240589,1907116,4398,43,723,878,2754,32713,4451,24143,4119,69824
2016,Nebraska,31,NE,OMA,338960,1907116,848,4,200,59,585,8249,1421,6426,402,17346
2016,Nebraska,31,NE,NMC,327567,1907116,304,2,71,9,222,2201,572,1425,204,4706
2016,Nevada,32,NV,MSA,2668109,2940058,19133,209,1616,6292,11016,71672,17652,41249,12771,162477
2016,Nevada,32,NV,OMA,48603,2940058,311,5,49,21,236,1308,327,875,106,2927
2016,Nevada,32,NV,NMC,223346,2940058,492,10,68,27,387,3067,871,1893,303,6626
2016,New Hampshire,33,NH,MSA,839311,1334795,1733,10,343,329,1051,12030,1594,9881,555,25793
2016,New Hampshire,33,NH,OMA,452615,1334795,839,6,224,95,514,7829,1250,6294,285,16497
2016,New Hampshire,33,NH,NMC,42869,1334795,65,1,15,3,46,335,119,185,31,735
2016,New Jersey,34,NJ,MSA,8944469,8944469,21914,372,1453,8984,11105,138152,25284,101540,11328,298218
2016,New Jersey,34,NJ,OMA,0,8944469,0,0,0,0,0,0,0,0,0,0
2016,New Jersey,34,NJ,NMC,0,8944469,0,0,0,0,0,0,0,0,0,0
2016,New Mexico,35,NM,MSA,1386406,2081015,10643,90,1059,2406,7088,61774,12273,39287,10214,134191
2016,New Mexico,35,NM,OMA,399862,2081015,2710,35,281,299,2095,16682,3729,11857,1096,36074
2016,New Mexico,35,NM,NMC,294747,2081015,1266,14,186,32,1034,3475,1279,1763,433,8216
2016,New York,36,NY,MSA,18370635,19745289,71584,612,5246,22074,43652,284602,35733,235018,13851,640788
2016,New York,36,NY,OMA,506786,19745289,1324,13,318,184,809,11344,1965,9147,232,24012
2016,New York,36,NY,NMC,867868,19745289,1377,5,696,58,618,9235,2123,6803,309,19847
2016,North Carolina,37,NC,MSA,7938934,10146788,30715,492,2290,8110,19823,220854,52773,155488,12593,472423
2016,North Carolina,37,NC,OMA,649752,10146788,3870,76,258,876,2660,30403,8063,21075,1265,64676
2016,North Carolina,37,NC,NMC,1558102,10146788,3184,110,301,350,2423,26508,11246,13814,1448,56200
2016,North Dakota,38,ND,MSA,371557,757952,1119,8,214,136,761,10363,1820,7562,981,21845
2016,North Dakota,38,ND,OMA,201068,757952,592,5,86,36,465,5033,936,3449,648,10658
2016,North Dakota,38,ND,NMC,185327,757952,192,2,42,9,139,2006,487,1184,335,4204
2016,Ohio,39,OH,MSA,9255325,11614373,31626,592,4731,11914,14389,253645,56493,178994,18158,538916
2016,Ohio,39,OH,OMA,1046316,11614373,1806,31,471,412,892,29716,5714,23222,780,61238
2016,Ohio,39,OH,NMC,1312732,11614373,1445,31,387,197,830,15996,4676,10591,729,33437
2016,Oklahoma,40,OK,MSA,2640800,3923561,13866,196,1577,2824,9269,86913,20702,56372,9839,187692
2016,Oklahoma,40,OK,OMA,682233,3923561,2716,28,324,311,2053,22863,5568,15789,1506,48442
2016,Oklahoma,40,OK,NMC,600528,3923561,1066,21,138,27,880,7261,2833,3618,810,15588
2016,Oregon,41,OR,MSA,3431824,4093465,9278,72,1483,2129,5594,104098,13706,78729,11663,217474
2016,Oregon,41,OR,OMA,308081,4093465,770,11,137,119,503,11884,1830,9264,790,24538
2016,Oregon,41,OR,NMC,353560,4093465,782,30,101,30,621,5363,1330,3293,740,11508
2016,Pennsylvania,42,PA,MSA,11313467,12784227,37394,627,3543,12038,21186,204598,31708,160485,12405,446590
2016,Pennsylvania,42,PA,OMA,681636,12784227,1609,10,137,169,1293,9449,1437,7753,259,20507
2016,Pennsylvania,42,PA,NMC,789124,12784227,1444,24,753,119,548,8748,2375,5990,383,18940
2016,Puerto Rico,72,PR,MSA,3262275,3411307,7362,650,160,3155,3397,34107,7907,22453,3747,75576
2016,Puerto Rico,72,PR,OMA,149032,3411307,281,29,9,46,197,1094,344,710,40,2469
2016,Puerto Rico,72,PR,NMC,0,3411307,0,0,0,0,0,0,0,0,0,0
2016,Rhode Island,44,RI,MSA,1056426,1056426,2489,28,420,539,1502,19978,3787,14611,1580,42445
2016,Rhode Island,44,RI,OMA,0,1056426,0,0,0,0,0,0,0,0,0,0
2016,Rhode Island,44,RI,NMC,0,1056426,35,1,22,1,11,80,1,63,16,195
2016,South Carolina,45,SC,MSA,4212891,4961119,20933,303,2016,3500,15114,136379,26574,97566,12239,293691
2016,South Carolina,45,SC,OMA,205750,4961119,1787,34,151,309,1293,11166,2375,8328,463,24119
2016,South Carolina,45,SC,NMC,542478,4961119,2176,29,220,226,1701,13383,4027,8138,1218,28942
2016,South Dakota,46,SD,MSA,416782,865454,1735,15,309,211,1200,10384,1802,7584,998,22503
2016,South Dakota,46,SD,OMA,219496,865454,1673,6,159,55,1453,5554,887,4273,394,12781
2016,South Dakota,46,SD,NMC,229176,865454,213,6,41,6,160,1203,311,782,110,2619
2016,Tennessee,47,TN,MSA,5151809,6651194,36002,435,2261,7403,25903,154421,31772,110354,12295,344844
2016,Tennessee,47,TN,OMA,513895,6651194,3326,25,244,290,2767,20509,3890,15469,1150,44344
2016,Tennessee,47,TN,NMC,985490,6651194,2769,26,209,120,2414,14905,4650,8581,1674,32579
2016,Texas,48,TX,MSA,24814265,27862596,112275,1382,12049,32551,66293,710123,132303,512191,65629,1532521
2016,Texas,48,TX,OMA,1439521,27862596,5656,46,708,614,4288,39863,9250,28677,1936,85382
2016,Texas,48,TX,NMC,1608810,27862596,3111,50,610,152,2299,18961,7187,10283,1491,41033
2016,Utah,49,UT,MSA,2725548,3051217,6721,63,1375,1505,3778,83912,11789,63255,8868,174545
2016,Utah,49,UT,OMA,149141,3051217,354,2,90,22,240,3529,535,2779,215,7412
2016,Utah,49,UT,NMC,176528,3051217,332,7,55,14,256,2617,512,1800,305,5566
2016,Vermont,50,VT,MSA,217636,624594,439,7,74,54,304,4894,747,4058,89,10227
2016,Vermont,51,VT,OMA,203654,624594,322,1,62,40,219,3607,585,2937,85,7536
2016,Vermont,50,VT,NMC,203304,624594,228,6,42,12,168,2101,771,1222,108,4430
2016,Virginia,51,VA,MSA,7366234,8411808,16236,406,2236,4572,9022,141037,17122,114954,8961,298310
2016,Virginia,51,VA,OMA,259405,8411808,849,23,147,140,539,6745,919,5568,258,14339
2016,Virginia,51,VA,NMC,786169,8411808,1217,55,354,91,717,8630,1977,6084,569,18477
2016,Washington,53,WA,MSA,6561914,7288000,20475,172,2786,5467,12050,235814,44546,160790,30478,492103
2016,Washington,53,WA,OMA,299860,7288000,1004,7,199,154,644,12894,2652,9004,1238,26792
2016,Washington,53,WA,NMC,426226,7288000,544,16,92,30,406,5945,1982,3393,570,12434
2016,West Virginia,54,WV,MSA,1131010,1831102,4334,52,460,597,3225,29486,7377,20151,1958,63306
2016,West Virginia,54,WV,OMA,187738,1831102,648,3,37,58,550,3220,533,2529,158,7088
2016,West Virginia,54,WV,NMC,512354,1831102,1575,26,160,65,1324,4781,1391,2997,393,11137
2016,Wisconsin,55,WI,MSA,4281462,5778708,15515,205,1541,4608,9161,90113,15411,65509,9193,195741
2016,Wisconsin,55,WI,OMA,648096,5778708,1254,14,251,66,923,14471,1748,12350,373,30196
2016,Wisconsin,55,WI,NMC,849150,5778708,910,10,187,32,681,7136,2266,4478,392,15182
2016,Wyoming,56,WY,MSA,180145,585501,413,8,59,30,316,5020,866,3739,415,10453
2016,Wyoming,56,WY,OMA,245821,585501,663,10,117,27,509,5321,674,4355,292,11305
2016,Wyoming,56,WY,NMC,159535,585501,354,2,29,2,321,1119,231,795,93,2592
2015,Alabama,1,AL,MSA,3708033,4858979,18500,287,1537,4138,12538,115920,27852,79799,8269,250340
2015,Alabama,1,AL,OMA,522241,4858979,3240,33,315,360,2532,21203,4518,15329,1356,45646
2015,Alabama,1,AL,NMC,628705,4858979,1212,28,187,113,884,7623,2885,4028,710,16458
2015,Alaska,2,AK,MSA,351857,738432,3464,27,541,658,2238,14151,1919,10884,1348,31766
2015,Alaska,2,AK,OMA,127499,738432,913,10,184,62,657,3625,545,2817,263,8163
2015,Alaska,2,AK,NMC,259076,738432,1015,22,176,41,776,3030,1047,1548,435,7075
2015,Arizona,4,AZ,MSA,6479810,6828065,24781,280,2811,6251,15439,198994,36015,146882,16097,422769
2015,Arizona,4,AZ,OMA,124240,6828065,2851,26,286,97,2442,6233,1363,4360,510,15317
2015,Arizona,4,AZ,NMC,224015,6828065,380,380,3,11,12,354,1880,579,1123,4316
2015,Arkansas,5,AR,MSA,1837196,2978204,10727,124,1134,1673,7796,67180,14407,48576,4197,145087
2015,Arkansas,5,AR,OMA,515124,2978204,3057,40,462,373,2182,19622,5254,13557,811,42301
2015,Arkansas,5,AR,NMC,625884,2978204,1742,17,335,52,1338,10034,2979,6291,764,21810
2015,California,6,CA,MSA,38317995,39144818,163219,1815,12413,52447,96544,1006607,192051,645895,168661,2176433
2015,California,6,CA,OMA,268497,39144818,1630,15,151,245,1219,9889,2189,6747,953,21408
2015,California,6,CA,NMC,558326,39144818,2034,31,247,170,1586,8418,3164,3875,1379,18870
2015,Colorado,8,CO,MSA,4763884,5456574,16308,164,2991,3235,9918,131247,21081,94811,15355,278802
2015,Colorado,8,CO,OMA,335080,5456574,771,6,170,77,518,9842,1486,7953,403,20455
2015,Colorado,8,CO,NMC,357610,5456574,436,6,96,11,323,3047,887,1918,242,6530
2015,Connecticut,9,CT,MSA,2951843,3590886,7441,102,694,2819,3826,59961,9050,44991,5920,127363
2015,Connecticut,9,CT,OMA,114485,3590886,110,1,23,27,59,1968,269,1606,93,4046
2015,Connecticut,9,CT,NMC,524558,3590886,294,14,56,46,178,3137,734,2078,325,6568
2015,Delaware,10,DE,MSA,945934,945934,4720,63,341,1235,3081,25454,4772,19501,1181,55628
2015,Delaware,10,DE,OMA,0,945934,0,0,0,0,0,0,0,0,0,0
2015,Delaware,10,DE,NMC,0,945934,0,0,0,0,0,1,1,0,0,2
2015,District of Columbia,11,DC,MSA,672228,672228,8531,162,494,3742,4133,31435,2971,25200,3264,71401
2015,District of Columbia,11,DC,OMA,0,672228,0,0,0,0,0,0,0,0,0,0
2015,District of Columbia,11,DC,NMC,0,672228,0,0,0,0,0,0,0,0,0,0
2015,Florida,12,FL,MSA,19564380,20271272,89966,1000,7334,20843,60789,554303,104776,409655,39872,1198572
2015,Florida,12,FL,OMA,147871,20271272,1067,12,55,166,834,6001,1267,4448,286,13069
2015,Florida,12,FL,NMC,559021,20271272,2593,29,164,128,2272,9966,3225,6238,503,22525
2015,Georgia,13,GA,MSA,8441820,10214860,32948,518,2631,11314,18485,260183,54795,180700,24688,553314
2015,Georgia,13,GA,OMA,643253,10214860,3132,44,269,746,2073,28595,5629,22155,811,60322
2015,Georgia,13,GA,NMC,1129787,10214860,2563,53,324,187,1999,19945,5950,13012,983,42453
2015,Hawaii,15,HI,MSA,1164233,1431603,2994,19,412,1009,1554,37090,5291,27346,4453,77174
2015,Hawaii,15,HI,OMA,0,1431603,0,0,0,0,0,0,0,0,0,0
2015,Hawaii,15,HI,NMC,267370,1431603,1207,0,149,194,864,17256,1266,14664,1326,35719
2015,Idaho,16,ID,MSA,1104754,1654930,2538,19,497,150,1872,20984,4041,15536,1407,44506
2015,Idaho,16,ID,OMA,253084,1654930,598,7,122,34,435,4927,1056,3644,227,10452
2015,Idaho,16,ID,NMC,297092,1654930,432,6,75,8,343,2947,1027,1683,237,6326
2015,Illinois,17,IL,MSA,11374234,12859995,45743,697,4186,14654,26206,232866,41454,174548,16864,511475
2015,Illinois,17,IL,OMA,829658,12859995,2601,22,426,218,1935,17801,3520,13802,479,38203
2015,Illinois,17,IL,NMC,656103,12859995,1010,25,209,38,738,5062,1469,3284,309,11134
2015,Indiana,18,IN,MSA,5150613,6619680,22994,335,1979,6851,13829,148065,29832,105957,12276,319124
2015,Indiana,18,IN,OMA,522395,6619680,1636,17,223,192,1204,14889,2090,12094,705,31414
2015,Indiana,18,IN,NMC,946672,6619680,1023,21,202,68,732,8893,2488,5867,538,18809
2015,Iowa,19,IA,MSA,1840338,3123899,6018,53,787,896,4282,45107,9777,32102,3228,96232
2015,Iowa,19,IA,OMA,594976,3123899,2184,9,258,141,1776,14659,3530,10378,751,31502
2015,Iowa,19,IA,NMC,688585,3123899,734,10,111,10,603,4191,1585,2243,363,9116
2015,Kansas,20,KS,MSA,1965292,2911641,8473,93,1200,1627,5553,57942,10562,41561,5819,124357
2015,Kansas,20,KS,OMA,607622,2911641,2147,26,305,176,1640,16973,3162,13017,794,36093
2015,Kansas,20,KS,NMC,338727,2911641,733,9,110,15,599,4284,1638,2302,344,9301
2015,Kentucky,21,KY,MSA,2589701,4425092,7446,124,852,2836,3634,72101,15154,50770,6177,151648
2015,Kentucky,21,KY,OMA,540143,4425092,906,13,170,312,411,14235,2835,10769,631,29376
2015,Kentucky,21,KY,NMC,1295248,4425092,1324,72,470,159,623,10026,4271,4781,974,21376
2015,Louisiana,22,LA,MSA,3907874,4670724,22042,436,1544,5173,14889,136310,30124,97285,8901,294662
2015,Louisiana,22,LA,OMA,248611,4670724,1774,20,77,291,1386,12457,3115,9003,339,26688
2015,Louisiana,22,LA,NMC,514239,4670724,1392,25,102,86,1179,7862,2214,5147,501,17116
2015,Maine,23,ME,MSA,785828,1329328,996,7,222,245,522,14577,2607,11513,457,30150
2015,Maine,23,ME,OMA,265131,1329328,464,10,169,55,230,6636,1061,5393,182,13736
2015,Maine,23,ME,NMC,278369,1329328,269,6,83,11,169,3114,1016,1923,175,6497
2015,Maryland,24,MD,MSA,5855016,6006401,26972,515,1623,9757,15077,135770,24899,97815,13056,298512
2015,Maryland,24,MD,OMA,52865,6006401,324,0,22,75,227,1915,341,1538,36,4154
2015,Maryland,24,MD,NMC,98520,6006401,166,1,21,31,113,1363,438,866,59,2892
2015,Massachusetts,25,MA,MSA,6695032,6794422,26163,126,2030,5267,18740,113118,21554,83565,7999,252399
2015,Massachusetts,25,MA,OMA,91950,6794422,393,2,43,21,327,1753,336,1347,70,3899
2015,Massachusetts,25,MA,NMC,7440,6794422,6,0,2,0,4,0,0,0,0,6
2015,Michigan,26,MI,MSA,8121585,9922576,36839,528,4853,7684,23774,163072,34871,113292,14909,362983
2015,Michigan,26,MI,OMA,599913,9922576,1537,8,529,64,936,11735,1627,9786,322,25007
2015,Michigan,26,MI,NMC,1201078,9922576,2855,35,1068,48,1704,12294,3543,8218,533,27443
2015,Minnesota,27,MN,MSA,4254071,5489594,11461,104,1813,3633,5911,101503,15434,79140,6929,214467
2015,Minnesota,27,MN,OMA,533363,5489594,1130,12,292,119,707,13502,1787,11186,529,28134
2015,Minnesota,27,MN,NMC,702160,5489594,728,17,216,19,476,6979,2078,4378,523,14686
2015,Mississippi,28,MS,MSA,1372083,2992333,3834,105,490,1280,1959,40232,9762,27966,2504,84298
2015,Mississippi,28,MS,OMA,585231,2992333,2407,90,327,772,1218,29192,8122,19996,1074,60791
2015,Mississippi,28,MS,NMC,1035019,2992333,2013,64,386,242,1321,15366,6915,7786,665,32745
2015,Missouri,29,MO,MSA,4532929,6083672,25264,441,2105,6030,16688,139769,26441,98361,14967,304802
2015,Missouri,29,MO,OMA,664269,6083672,2785,28,246,294,2217,22699,3802,17924,973,48183
2015,Missouri,29,MO,NMC,886474,6083672,2212,33,202,52,1925,11174,3763,6352,1059,24560
2015,Montana,30,MT,MSA,365179,1032949,1300,20,195,134,951,12598,1674,9727,1197,26496
2015,Montana,30,MT,OMA,218086,1032949,1145,6,206,52,881,7656,903,6190,563,16457
2015,Montana,30,MT,NMC,449684,1032949,1166,10,146,24,986,6846,1261,4927,658,14858
2015,Nebraska,31,NE,MSA,1227692,1896190,4036,50,597,929,2460,32191,4559,24226,3406,68418
2015,Nebraska,31,NE,OMA,335719,1896190,838,6,219,53,560,7973,1208,6386,379,16784
2015,Nebraska,31,NE,NMC,332779,1896190,338,6,57,12,263,2331,655,1460,216,5000
2015,Nevada,32,NV,MSA,2617805,2890845,19404,166,1565,6244,11429,72206,20939,40285,10982,163816
2015,Nevada,32,NV,OMA,48996,2890845,237,2,41,10,184,1688,456,1130,102,3613
2015,Nevada,32,NV,NMC,224044,2890845,477,10,82,33,352,3243,965,2011,267,6963
2015,New Hampshire,33,NH,MSA,835158,1330608,1766,14,367,368,1017,14201,2000,11588,613,30168
2015,New Hampshire,33,NH,OMA,443394,1330608,847,0,251,97,499,8721,1351,7106,264,18289
2015,New Hampshire,33,NH,NMC,52056,1330608,39,0,9,3,27,307,116,177,14,653
2015,New Jersey,34,NJ,MSA,8958013,8958013,22879,363,1373,9729,11414,145701,27960,105963,11778,314281
2015,New Jersey,34,NJ,OMA,0,8958013,0,0,0,0,0,0,0,0,0,0
2015,New Jersey,34,NJ,NMC,0,8958013,0,0,0,0,0,0,0,0,0,0
2015,New Mexico,35,NM,MSA,1390305,2085109,9319,70,1159,2128,5962,55506,11289,37178,7039,120331
2015,New Mexico,35,NM,OMA,398912,2085109,2864,29,345,317,2173,17983,4449,12503,1031,38830
2015,New Mexico,35,NM,NMC,295892,2085109,1498,18,168,40,1272,3605,1347,1802,456,8708
2015,New York,36,NY,MSA,18403124,19795791,72606,589,5099,23694,43224,295805,40066,240978,14761,664216
2015,New York,36,NY,OMA,513230,19795791,1271,9,308,186,768,12108,2015,9831,262,25487
2015,New York,36,NY,NMC,879437,19795791,1288,11,667,56,554,9616,2195,7131,290,20520
2015,North Carolina,37,NC,MSA,19795791,10042802,28310,384,2119,7645,18162,218939,55886,152039,11014,466188
2015,North Carolina,37,NC,OMA,7835390,10042802,3909,80,240,857,2732,31546,7969,22494,1083,67001
2015,North Carolina,37,NC,NMC,648044,10042802,2633,53,325,323,1932,25698,10986,13374,1338,54029
2015,North Dakota,38,ND,MSA,1559368,756927,973,11,179,96,687,8388,1370,6358,660,17749
2015,North Dakota,38,ND,OMA,371616,756927,660,5,126,44,485,5487,1068,3847,572,11634
2015,North Dakota,38,ND,NMC,191270,756927,179,5,40,8,126,2145,559,1235,351,4469
2015,Ohio,39,OH,MSA,194041,11613423,30588,455,4291,11999,13843,252958,58231,178945,15782,536504
2015,Ohio,39,OH,OMA,9246915,11613423,1902,25,472,404,1001,30966,6230,24071,665,63834
2015,Ohio,39,OH,NMC,1047288,11613423,1408,20,386,151,851,16601,4842,10977,782,34610
2015,Oklahoma,40,OK,MSA,1319220,3911338,12559,185,1409,2666,8299,81350,19948,53110,8292,175259
2015,Oklahoma,40,OK,OMA,2621143,3911338,3035,29,325,313,2368,24544,5665,17408,1471,52123
2015,Oklahoma,40,OK,NMC,679145,3911338,912,20,115,26,751,6984,2793,3504,687,14880
2015,Oregon,41,OR,MSA,611050,4028977,8982,77,1322,2002,5581,101615,14998,77274,9343,212212
2015,Oregon,41,OR,OMA,3373232,4028977,879,12,173,117,577,11986,1888,9412,686,24851
2015,Oregon,41,OR,NMC,306104,4028977,607,10,98,27,472,5118,1450,3150,518,10843
2015,Pennsylvania,42,PA,MSA,349641,12802503,37344,609,3562,12741,20432,212012,35000,165580,11432,461368
2015,Pennsylvania,42,PA,OMA,11319063,12802503,1730,23,177,157,1373,10448,1794,8339,315,22626
2015,Pennsylvania,42,PA,NMC,683735,12802503,1265,26,566,105,568,9625,2870,6368,387,20515
2015,Puerto Rico,72,PR,MSA,799705,3474182,7566,565,156,4063,2782,37598,9100,24426,4072,82762
2015,Puerto Rico,72,PR,OMA,3323005,3474182,63,19,9,7,28,119,50,67,2,301
2015,Puerto Rico,72,PR,NMC,151177,3474182,0,0,0,0,0,0,0,0,0,0
2015,Rhode Island,44,RI,MSA,1056298,1056298,2537,28,444,555,1510,19976,3944,14659,1373,42489
2015,Rhode Island,44,RI,OMA,0,1056298,0,0,0,0,0,0,0,0,0,0
2015,Rhode Island,44,RI,NMC,0,1056298,25,1,15,1,8,67,3,48,16,159
2015,South Carolina,45,SC,MSA,4145678,4896146,20336,335,1908,3374,14719,135587,27788,96369,11430,291510
2015,South Carolina,45,SC,OMA,207146,4896146,1923,28,143,349,1403,11643,2439,8741,463,25209
2015,South Carolina,45,SC,NMC,543322,4896146,2441,36,246,208,1951,14015,4324,8614,1077,30471
2015,South Dakota,46,SD,MSA,412368,858469,1628,12,303,165,1148,10224,1900,7560,764,22076
2015,South Dakota,46,SD,OMA,219563,858469,1451,7,167,42,1235,5465,777,4367,321,12381
2015,South Dakota,46,SD,NMC,226538,858469,210,13,25,9,163,991,283,605,103,2192
2015,Tennessee,47,TN,MSA,5103420,6600299,34397,351,2260,7078,24708,158863,34790,113624,10449,352123
2015,Tennessee,47,TN,OMA,513845,6600299,3364,16,253,295,2800,20823,3809,16006,1008,45010
2015,Tennessee,47,TN,NMC,983034,6600299,2639,39,163,101,2336,14110,4648,8049,1413,30859
2015,Texas,48,TX,MSA,24422501,27469114,104564,1207,11055,31189,61113,715398,136238,514990,64170,1535360
2015,Texas,48,TX,OMA,1425757,27469114,5687,44,679,617,4347,42301,9488,31023,1790,90289
2015,Texas,48,TX,NMC,1620856,27469114,2976,65,516,128,2267,20040,7328,11187,1525,43056
2015,Utah,49,UT,MSA,2675737,2995919,6357,49,1462,1303,3543,82969,11414,63248,8307,172295
2015,Utah,49,UT,OMA,144887,2995919,354,1,100,13,240,3573,544,2843,186,7500
2015,Utah,49,UT,NMC,175295,2995919,360,4,83,10,263,2736,510,2012,214,5832
2015,Vermont,50,VT,MSA,217090,626042,279,2,50,47,180,4245,815,3396,34,8769
2015,Vermont,51,VT,OMA,203524,626042,307,5,48,42,212,2873,504,2312,57,6053
2015,Vermont,50,VT,NMC,205428,626042,153,3,38,12,100,1688,649,952,87,3529
2015,Virginia,51,VA,MSA,7333021,8382993,14491,328,1920,4194,8049,139851,18123,114386,7342,294193
2015,Virginia,51,VA,OMA,262020,8382993,726,19,115,140,452,7646,1040,6393,213,16018
2015,Virginia,51,VA,NMC,787952,8382993,18899,36,305,107,734,8973,2177,6240,556,36845
2015,Washington,53,WA,MSA,6452326,7170351,942,197,2438,5234,11030,229304,45976,157906,25422,459550
2015,Washington,53,WA,OMA,296377,7170351,553,6,176,169,591,12541,2582,9031,928,25635
2015,Washington,53,WA,NMC,421648,7170351,3887,8,91,46,408,6524,2435,3572,517,16935
2015,West Virginia,54,WV,MSA,1136862,1844128,8,47,433,667,2740,28418,7019,19731,1668,56844
2015,West Virginia,54,WV,OMA,189216,1844128,519,8,33,53,425,3056,498,2426,132,6631
2015,West Virginia,54,WV,NMC,518050,1844128,1825,15,206,40,1564,5777,1653,3685,439,13379
2015,Wisconsin,55,WI,MSA,4268682,5771337,10,209,1396,5131,9034,91251,15314,65713,10224,182512
2015,Wisconsin,55,WI,OMA,639613,5771337,82,10,201,84,787,15070,1846,12858,366,30222
2015,Wisconsin,55,WI,NMC,863042,5771337,8,21,183,17,574,7603,2394,4814,395,15214
2015,Wyoming,56,WY,MSA,179738,586107,366,8,50,31,277,4584,763,3579,242,9534
2015,Wyoming,56,WY,OMA,245549,586107,3,5,83,25,536,5434,717,4460,257,10871
2015,Wyoming,56,WY,NMC,160820,586107,287,3,40,3,241,1133,282,758,93,2553
2013,Alabama,1,AL,MSA,3672399,4833722,16664,283,1507,4208,10666,130416,33451,88269,8696,310947
2013,Alabama,1,AL,OMA,528341,4833722,2840,35,299,367,2139,22487,5605,15637,1245,53419
2013,Alabama,1,AL,NMC,632982,4833722,1322,29,238,73,982,9090,3373,5087,630,22875
2013,Alaska,2,AK,MSA,349294,735132,2734,15,454,569,1696,14476,1523,11912,1041,33209
2013,Alaska,2,AK,OMA,128768,735132,795,1,101,34,659,3733,421,3054,258,8682
2013,Alaska,2,AK,NMC,257070,735132,1179,18,367,21,773,3001,972,1633,396,8153
2013,Arizona,4,AZ,MSA,6277606,6626624,24832,315,2406,6575,15536,213617,45003,152558,16056,497069
2013,Arizona,4,AZ,OMA,123679,6626624,2378,41,631,115,1591,9528,2789,5546,1193,24223
2013,Arizona,4,AZ,NMC,225339,6626624,389,1,13,12,363,2098,741,1168,189,5326
2013,Arkansas,5,AR,MSA,1803197,2959373,9872,101,928,1865,6978,71483,18856,48636,3991,171694
2013,Arkansas,5,AR,OMA,509967,2959373,2382,27,294,342,1719,22416,7402,14176,838,54616
2013,Arkansas,5,AR,NMC,646209,2959373,1367,31,201,51,1084,12714,4227,7638,849,31022
2013,California,6,CA,MSA,37497856,38332521,150459,1711,9349,53247,86152,998514,225576,609857,163081,2373063
2013,California,6,CA,OMA,271108,38332521,1661,15,141,244,1261,10846,2848,7146,852,26201
2013,California,6,CA,NMC,563557,38332521,2009,20,224,149,1616,9547,3634,4554,1359,24737
2013,Colorado,8,CO,MSA,4578645,5268367,14979,156,2651,3085,9087,128078,22972,93108,11998,294107
2013,Colorado,8,CO,OMA,327070,5268367,809,15,187,57,550,9047,1359,7353,335,20262
2013,Colorado,8,CO,NMC,362652,5268367,438,7,96,9,326,2932,750,1982,200,7052
2013,Connecticut,9,CT,MSA,2942348,3596080,8879,80,842,3456,4501,64527,11328,47504,5695,149261
2013,Connecticut,9,CT,OMA,116380,3596080,148,0,31,21,96,2071,297,1659,115,4587
2013,Connecticut,9,CT,NMC,537352,3596080,413,6,82,53,272,4392,1267,2713,412,10464
2013,Delaware,10,DE,MSA,925749,925749,4547,39,379,1226,2903,28378,6131,20915,1332,67434
2013,Delaware,10,DE,OMA,0,925749,0,0,0,0,0,0,0,0,0,0
2013,Delaware,10,DE,NMC,0,925749,2,0,1,0,1,1,0,1,0,4
2013,District of Columbia,11,DC,MSA,646449,646449,8406,103,395,4078,3830,31083,3316,24533,3234,73888
2013,District of Columbia,11,DC,OMA,0,646449,0,0,0,0,0,0,0,0,0,0
2013,District of Columbia,11,DC,NMC,0,646449,8406,103,395,4078,3830,31083,3316,24533,3234,73888
2013,Florida,12,FL,MSA,18847207,19552860,88501,936,6543,22839,58183,589069,133415,421479,34175,1400054
2013,Florida,12,FL,OMA,147373,19552860,1158,9,55,192,902,6742,1585,4881,276,16227
2013,Florida,12,FL,NMC,558280,19552860,2327,27,162,169,1969,11361,3916,6984,461,28965
2013,Georgia,13,GA,MSA,8216901,9992167,30818,480,2154,11511,16673,280934,68678,187372,24884,661364
2013,Georgia,13,GA,OMA,662073,9992167,3428,39,256,762,2371,32025,7073,24152,800,74551
2013,Georgia,13,GA,NMC,1113193,9992167,2295,37,172,215,1871,21440,6507,13791,1142,51682
2013,Hawaii,15,HI,MSA,1144335,1404054,2849,12,273,1011,1553,35149,5661,26292,3196,78808
2013,Hawaii,15,HI,OMA,0,1404054,0,0,0,0,0,0,0,0,0,0
2013,Hawaii,15,HI,NMC,259719,1404054,684,9,112,120,443,7726,1872,5366,488,18008
2013,Idaho,16,ID,MSA,1066771,1612136,2440,13,474,178,1775,21391,4411,15897,1083,49633
2013,Idaho,16,ID,OMA,248535,1612136,581,6,98,30,447,5413,1113,4078,222,12520
2013,Idaho,16,ID,NMC,296830,1612136,477,8,83,12,374,3251,1116,1904,231,8095
2013,Illinois,17,IL,MSA,11373567,12882135,45763,680,3737,17502,23844,266888,51966,194673,20249,631505
2013,Illinois,17,IL,OMA,830759,12882135,2458,22,412,192,1832,19834,4298,15077,459,46424
2013,Illinois,17,IL,NMC,677809,12882135,753,4,114,28,607,6261,1973,4063,225,15248
2013,Indiana,18,IN,MSA,5094468,6570902,21194,319,1852,6924,12099,160115,36980,110263,12872,378404
2013,Indiana,18,IN,OMA,520960,6570902,1137,13,159,124,841,17615,2911,13902,802,39278
2013,Indiana,18,IN,NMC,955474,6570902,1156,23,131,60,942,9806,3018,6258,530,23786
2013,Iowa,19,IA,MSA,1797551,3090416,5653,28,723,822,4080,47750,10428,34161,3161,111581
2013,Iowa,19,IA,OMA,601851,3090416,2119,7,270,106,1736,15341,3568,11048,725,36369
2013,Iowa,19,IA,NMC,691014,3090416,616,8,90,11,507,4709,1872,2477,360,11906
2013,Kansas,20,KS,MSA,1936336,2893957,7039,79,784,1164,5012,61380,11502,44438,5440,141301
2013,Kansas,20,KS,OMA,619820,2893957,2103,16,312,171,1604,18793,4010,13925,858,43699
2013,Kansas,20,KS,NMC,337801,2893957,696,17,99,15,565,5107,1863,2901,343,12773
2013,Kentucky,21,KY,MSA,2555209,4395295,6825,95,851,2744,3135,76446,17680,54258,4508,177397
2013,Kentucky,21,KY,OMA,534280,4395295,955,11,176,328,440,15417,3175,11675,567,34964
2013,Kentucky,21,KY,NMC,1305806,4395295,1442,61,584,174,623,11994,5358,5679,957,30788
2013,Louisiana,22,LA,MSA,3853803,4625470,20088,456,1284,5087,13261,142744,35385,99191,8168,340961
2013,Louisiana,22,LA,OMA,278847,4625470,2126,24,134,364,1604,13738,3435,9926,377,33037
2013,Louisiana,22,LA,NMC,492820,4625470,1770,18,201,97,1454,9204,2364,6225,615,22542
2013,Maine,23,ME,MSA,779976,1328302,1081,13,250,270,548,19044,3785,14734,525,42954
2013,Maine,23,ME,OMA,267901,1328302,407,3,117,50,237,7590,1408,5980,202,16995
2013,Maine,23,ME,NMC,280425,1328302,230,8,80,15,127,3813,1290,2336,187,9146
2013,Maryland,24,MD,MSA,5775247,5928814,27579,380,1499,9960,15740,154451,31049,110069,13333,367530
2013,Maryland,24,MD,OMA,53189,5928814,278,0,13,71,194,1716,313,1382,21,4023
2013,Maryland,24,MD,NMC,100378,5928814,232,1,20,17,194,1746,587,1095,64,4311
2013,Massachusetts,25,MA,MSA,6593377,6692824,27297,137,2659,6663,17838,135157,30207,95912,9038,327818
2013,Massachusetts,25,MA,OMA,91728,6692824,367,0,59,43,265,2126,526,1516,84,5145
2013,Massachusetts,25,MA,NMC,7719,6692824,3,0,0,0,3,2,2,0,0,9
2013,Michigan,26,MI,MSA,8089847,9895622,40367,597,4995,9973,24802,200180,49238,127412,23530,489965
2013,Michigan,26,MI,OMA,603348,9895622,1481,9,546,77,849,14215,2094,11799,322,32005
2013,Michigan,26,MI,NMC,1202427,9895622,2675,25,1052,55,1543,15939,5012,10212,715,39565
2013,Minnesota,27,MN,MSA,4178564,5420380,10813,94,1514,3576,5629,108031,18232,82964,6835,245107
2013,Minnesota,27,MN,OMA,490171,5420380,1118,9,245,81,783,13951,1962,11404,585,30982
2013,Minnesota,27,MN,NMC,751645,5420380,774,11,249,17,497,9213,2519,6148,546,21719
2013,Mississippi,28,MS,MSA,1361997,2991207,4139,77,460,1441,2161,40921,11410,26910,2601,97391
2013,Mississippi,28,MS,OMA,588107,2991207,2336,67,265,798,1206,26301,7465,17793,1043,62403
2013,Mississippi,28,MS,NMC,1041103,2991207,1739,51,205,170,1313,14278,6120,7414,744,36415
2013,Missouri,29,MO,MSA,4486519,6044171,21763,310,1956,5177,14320,150957,30242,106435,14280,353919
2013,Missouri,29,MO,OMA,661762,6044171,2527,17,174,257,2079,25816,4332,20463,1021,58491
2013,Missouri,29,MO,NMC,895890,6044171,1907,44,157,50,1656,12833,4291,7518,1024,31864
2013,Montana,30,MT,MSA,359094,1015165,924,5,131,143,645,12945,2164,9837,944,28978
2013,Montana,30,MT,OMA,211218,1015165,852,12,170,43,627,7141,946,5770,425,16080
2013,Montana,30,MT,NMC,444853,1015165,791,5,109,18,659,5867,954,4432,481,13479
2013,Nebraska,31,NE,MSA,1195918,1868516,3988,53,503,993,2439,36681,6518,26238,3925,83868
2013,Nebraska,31,NE,OMA,341308,1868516,706,1,233,39,433,9277,1580,7336,361,20840
2013,Nebraska,31,NE,NMC,331290,1868516,203,3,65,8,127,3060,802,2081,177,7125
2013,Nevada,32,NV,MSA,2519173,2790136,15824,143,1290,5124,9267,73425,21274,42622,9529,183948
2013,Nevada,32,NV,OMA,47878,2790136,282,10,49,24,199,1996,577,1243,176,4851
2013,Nevada,32,NV,NMC,223085,2790136,718,10,79,35,594,3756,1196,2267,293,9426
2013,New Hampshire,33,NH,MSA,827519,1323459,1850,13,378,515,944,17808,2888,14333,587,40354
2013,New Hampshire,33,NH,OMA,442956,1323459,894,9,284,134,467,10419,1778,8333,308,23510
2013,New Hampshire,33,NH,NMC,52984,1323459,105,0,24,0,81,813,270,498,45,2001
2013,New Jersey,34,NJ,MSA,8899339,8899339,25674,401,1120,12082,12071,167556,35873,117936,13747,396659
2013,New Jersey,34,NJ,OMA,0,8899339,0,0,0,0,0,0,0,0,0,0
2013,New Jersey,34,NJ,NMC,0,8899339,25674,401,1120,12082,12071,167556,35873,117936,13747,396659
2013,New Mexico,35,NM,MSA,1391773,2085287,8686,69,999,1507,6111,54149,14610,35010,4529,131594
2013,New Mexico,35,NM,OMA,396083,2085287,3167,31,355,254,2527,18012,4554,12528,930,43745
2013,New Mexico,35,NM,NMC,297431,2085287,929,25,111,49,744,5095,2312,2337,446,13431
2013,New York,36,NY,MSA,18238153,19651127,75338,627,2998,26959,44754,332107,50808,266372,14927,790360
2013,New York,36,NY,OMA,519791,19651127,1141,3,157,218,763,14665,2539,11891,235,33010
2013,New York,36,NY,NMC,893183,19651127,893,18,198,64,613,11826,3095,8411,320,27640
2013,North Carolina,37,NC,MSA,7627844,9848060,26427,353,1841,7830,16403,237873,65970,160141,11762,568143
2013,North Carolina,37,NC,OMA,645472,9848060,4042,55,243,1012,2732,35163,9100,24888,1175,83468
2013,North Carolina,37,NC,NMC,1574744,9848060,3231,61,285,507,2378,35013,15632,17712,1669,88889
2013,North Dakota,38,ND,MSA,354758,723393,1177,7,198,110,862,8402,1699,6182,521,19680
2013,North Dakota,38,ND,OMA,169949,723393,602,6,109,47,440,4904,788,3495,621,11198
2013,North Dakota,38,ND,NMC,198686,723393,175,3,23,5,144,1842,447,1121,274,4306
2013,Ohio,39,OH,MSA,9189827,11570808,30094,418,3411,13695,12570,283543,77792,187702,18049,674972
2013,Ohio,39,OH,OMA,1047030,11570808,1729,11,339,531,848,35766,7417,27651,698,80678
2013,Ohio,39,OH,NMC,1333951,11570808,1298,26,291,142,839,19422,6224,12413,785,46366
2013,Oklahoma,40,OK,MSA,2500215,3850568,13006,156,1653,2700,8497,90943,23527,58338,9078,218419
2013,Oklahoma,40,OK,OMA,723295,3850568,3166,21,407,292,2446,27502,7002,19046,1454,65172
2013,Oklahoma,40,OK,NMC,627058,3850568,817,18,120,39,640,7612,2819,4111,682,18860
2013,Oregon,41,OR,MSA,3277203,3930065,8537,58,1548,2242,4689,106671,17050,80905,8716,238929
2013,Oregon,41,OR,OMA,303728,3930065,929,7,217,125,580,12678,2187,9811,680,28472
2013,Oregon,41,OR,NMC,349134,3930065,518,15,132,30,341,5388,1532,3390,466,12826
2013,Pennsylvania,42,PA,MSA,11277147,12773801,40106,553,3317,14496,21740,240562,46574,180941,13047,567804
2013,Pennsylvania,42,PA,OMA,682385,12773801,1679,6,124,173,1376,12075,2149,9641,285,27978
2013,Pennsylvania,42,PA,NMC,814269,12773801,1064,35,333,93,603,10603,3311,6854,438,25581
2013,Puerto Rico,72,PR,MSA,3459216,3615086,8986,845,33,5889,2219,46957,13267,28257,5433,116167
2013,Puerto Rico,72,PR,OMA,0,3615086,27,0,15,0,12,56,1,29,26,140
2013,Puerto Rico,72,PR,NMC,155870,3615086,342,38,1,127,176,1894,694,1103,97,4824
2013,Rhode Island,44,RI,MSA,1051511,1051511,2678,31,425,684,1538,25622,5606,17809,2207,59528
2013,Rhode Island,44,RI,OMA,0,1051511,0,0,0,0,0,0,0,0,0,0
2013,Rhode Island,44,RI,NMC,0,1051511,27,0,15,0,12,56,1,29,26,140
2013,South Carolina,45,SC,MSA,4017846,4774839,19941,209,1797,3447,14488,144952,33057,101059,10836,342902
2013,South Carolina,45,SC,OMA,208133,4774839,1954,38,154,330,1432,12223,2859,8907,457,29259
2013,South Carolina,45,SC,NMC,548860,4774839,2383,50,220,195,1918,15874,5042,9545,1287,39173
2013,South Dakota,46,SD,MSA,397651,844877,1232,5,268,119,840,9304,1979,6814,511,21819
2013,South Dakota,46,SD,OMA,216179,844877,1260,7,203,30,1020,5633,1049,4239,345,13575
2013,South Dakota,46,SD,NMC,231047,844877,182,8,28,10,136,1240,344,814,82,3006
2013,Tennessee,47,TN,MSA,5003806,6495978,32551,275,1997,6867,23412,167463,40121,117744,9598,407598
2013,Tennessee,47,TN,OMA,514169,6495978,3154,17,189,331,2617,22248,4697,16671,880,52347
2013,Tennessee,47,TN,NMC,978003,6495978,2659,36,165,109,2349,16918,6181,9387,1350,42676
2013,Texas,48,TX,MSA,23409495,26448193,99065,1037,8669,31020,58339,789928,170112,557452,62364,1849033
2013,Texas,48,TX,OMA,1415777,26448193,5852,51,663,637,4501,47274,11325,34222,1727,111725
2013,Texas,48,TX,NMC,1622921,26448193,3081,51,434,144,2452,24532,9461,13417,1654,61606
2013,Utah,49,UT,MSA,2588821,2900872,5772,37,1244,1215,3276,79240,12237,59879,7124,176489
2013,Utah,49,UT,OMA,136929,2900872,385,4,133,9,239,3693,568,2962,163,8339
2013,Utah,49,UT,NMC,175122,2900872,341,8,45,19,269,2653,528,1947,178,6175
2013,Vermont,50,VT,MSA,214620,626630,257,3,40,31,183,5389,961,4351,77,11996
2013,Vermont,51,VT,OMA,206762,626630,334,1,49,29,255,5411,1100,4159,152,12256
2013,Vermont,50,VT,NMC,205248,626630,168,6,41,13,108,3075,1252,1718,105,7570
2013,Virginia,51,VA,MSA,7195364,8260405,14453,271,1888,4312,7982,151640,22456,121497,7687,340189
2013,Virginia,51,VA,OMA,264175,8260405,653,9,107,153,384,8260,1354,6645,261,18527
2013,Virginia,51,VA,NMC,800866,8260405,1099,36,267,100,696,10754,2830,7336,588,25437
2013,Washington,53,WA,MSA,6256806,6971406,18654,139,2322,5615,10578,237420,52137,158431,26852,545631
2013,Washington,53,WA,OMA,294834,6971406,939,10,148,166,615,13345,3212,9183,950,30841
2013,Washington,53,WA,NMC,419766,6971406,560,11,103,38,408,7897,3004,4296,597,19358
2013,West Virginia,54,WV,MSA,1139033,1854304,3578,29,465,549,2535,28758,7042,20327,1389,68136
2013,West Virginia,54,WV,OMA,190615,1854304,665,7,62,55,541,4609,931,3543,135,10814
2013,West Virginia,54,WV,NMC,524656,1854304,1325,25,126,47,1127,5646,1701,3553,392,14318
2013,Wisconsin,55,WI,MSA,4236498,5742713,14019,143,1278,4725,7873,101016,19245,75179,6592,235296
2013,Wisconsin,55,WI,OMA,633490,5742713,1204,8,247,80,869,15991,2106,13540,345,35292
2013,Wisconsin,55,WI,NMC,872725,5742713,738,11,162,29,536,8681,2996,5234,451,21096
2013,Wyoming,56,WY,MSA,175628,582658,376,4,40,30,302,4993,818,3948,227,11180
2013,Wyoming,56,WY,OMA,244239,582658,619,4,107,43,465,6363,847,5254,262,14192
2013,Wyoming,56,WY,NMC,162791,582658,200,9,40,2,149,1453,290,1074,89,3396
2014,Alabama,1,AL,MSA,3692101,4849377,16702,236,1494,4228,10744,122299,31007,83126,8166,292307
2014,Alabama,1,AL,OMA,529129,4849377,2769,18,310,386,2055,23058,5330,16420,1308,54215
2014,Alabama,1,AL,NMC,628148,4849377,1256,22,201,87,946,8737,3378,4692,667,22108
2014,Alaska,2,AK,MSA,351408,736732,2899,17,442,557,1883,13905,1626,11148,1131,32335
2014,Alaska,2,AK,OMA,128681,736732,748,3,133,47,565,3480,427,2797,256,8135
2014,Alaska,2,AK,NMC,256643,736732,1037,21,196,25,795,2949,1097,1500,352,8032
2014,Arizona,4,AZ,MSA,6382968,6731484,24291,293,2791,6155,15052,204214,40034,147926,16254,472753
2014,Arizona,4,AZ,OMA,123617,6731484,2192,25,574,70,1523,8952,2692,5096,1164,22788
2014,Arizona,4,AZ,NMC,224899,6731484,433,1,13,24,395,2074,836,1069,169,5417
2014,Arkansas,5,AR,MSA,1818380,2966369,10058,109,976,1683,7290,66163,15532,46704,3927,157916
2014,Arkansas,5,AR,OMA,507788,2966369,2648,30,438,319,1861,21015,5689,14497,829,50367
2014,Arkansas,5,AR,NMC,640201,2966369,1537,26,349,48,1114,11840,3569,7426,845,28786
2014,California,6,CA,MSA,37970617,38802500,150192,1652,11089,48285,89166,928584,197074,581682,149828,2204434
2014,California,6,CA,OMA,268396,38802500,1524,16,168,257,1083,10256,2635,6832,789,24671
2014,California,6,CA,NMC,563487,38802500,1993,31,270,138,1554,8352,2961,4156,1235,21658
2014,Colorado,8,CO,MSA,4664010,5355866,15365,127,2728,2963,9547,123592,21419,90164,12009,283968
2014,Colorado,8,CO,OMA,334211,5355866,790,16,207,64,503,9233,1349,7532,352,20605
2014,Colorado,8,CO,NMC,357645,5355866,399,8,104,12,275,2685,704,1768,213,6473
2014,Connecticut,9,CT,MSA,2948198,3596677,8068,82,686,3106,4194,63397,10737,46890,5770,145599
2014,Connecticut,9,CT,OMA,115968,3596677,108,2,11,22,73,1850,274,1499,77,4082
2014,Connecticut,9,CT,NMC,532511,3596677,346,2,85,31,228,3823,944,2616,263,8936
2014,Delaware,10,DE,MSA,935614,935614,4575,54,385,1269,2867,27899,5768,20864,1267,66141
2014,Delaware,10,DE,OMA,0,935614,0,0,0,0,0,0,0,0,0,0
2014,Delaware,10,DE,NMC,4,935614,1,0,1,0,0,1,0,1,0,3
2014,District of Columbia,11,DC,MSA,658893,658893,8199,105,472,3497,4125,34147,3466,26898,3783,79959
2014,District of Columbia,11,DC,OMA,0,658893,0,0,0,0,0,0,0,0,0,0
2014,District of Columbia,11,DC,NMC,0,658893,0,0,0,0,0,0,0,0,0,0
2014,Florida,12,FL,MSA,19186005,19893297,104272,1133,8308,24582,70249,662580,138301,482424,41855,1567733
2014,Florida,12,FL,OMA,148283,19893297,949,4,54,168,723,6121,1365,4490,266,14556
2014,Florida,12,FL,NMC,559009,19893297,2300,12,201,164,1923,10745,3554,6733,458,27344
2014,Georgia,13,GA,MSA,8320348,10097343,32360,508,2539,11447,17866,278295,63621,189741,24933,652571
2014,Georgia,13,GA,OMA,662709,10097343,3352,33,269,779,2271,32554,6818,24887,849,75278
2014,Georgia,13,GA,NMC,1114286,10097343,2385,39,240,191,1915,20467,5989,13406,1072,49308
2014,Hawaii,15,HI,MSA,1156263,1419561,2901,15,310,994,1582,35245,5759,26162,3324,79150
2014,Hawaii,15,HI,OMA,0,1419561,0,0,0,0,0,0,0,0,0,0
2014,Hawaii,15,HI,NMC,263298,1419561,779,11,135,113,520,8052,2019,5478,555,18902
2014,Idaho,16,ID,MSA,1086169,1634464,2432,18,433,157,1824,21616,4105,16298,1213,49769
2014,Idaho,16,ID,OMA,250458,1634464,628,4,111,36,477,5510,1283,3999,228,12931
2014,Idaho,16,ID,NMC,297837,1634464,408,10,65,11,322,3190,1040,1930,220,7828
2014,Illinois,17,IL,MSA,11380871,12880580,44639,665,3690,15060,25224,244145,44777,182621,16747,577706
2014,Illinois,17,IL,OMA,832015,12880580,2377,17,341,214,1805,18227,3646,14101,480,42477
2014,Illinois,17,IL,NMC,667694,12880580,647,3,128,25,491,5013,1585,3204,224,12258
2014,Indiana,18,IN,MSA,5123601,6596855,21655,300,1851,6697,12807,149875,31963,105352,12560,353368
2014,Indiana,18,IN,OMA,520960,6596855,1352,3,199,149,1001,16013,2242,12974,797,35620
2014,Indiana,18,IN,NMC,952297,6596855,1092,27,136,51,878,8888,2688,5696,504,21556
2014,Iowa,19,IA,MSA,1816912,3107122,5673,38,777,919,3939,45646,9453,33049,3144,106418
2014,Iowa,19,IA,OMA,601522,3107122,1980,16,243,116,1605,14984,3271,11058,655,35219
2014,Iowa,19,IA,NMC,688695,3107122,844,6,108,10,720,4426,1704,2370,352,11400
2014,Kansas,20,KS,MSA,1950219,2904021,7262,75,991,1208,4988,56297,10220,40448,5629,130076
2014,Kansas,20,KS,OMA,612759,2904021,2161,12,337,139,1673,18303,3836,13574,893,42603
2014,Kansas,20,KS,NMC,341046,2904021,700,4,83,15,598,4831,1772,2675,384,12134
2014,Kentucky,21,KY,MSA,2574780,4413457,7065,100,727,2831,3407,72991,15502,52715,4774,168549
2014,Kentucky,21,KY,OMA,538648,4413457,887,11,175,322,379,14995,2865,11565,565,33742
2014,Kentucky,21,KY,NMC,1300032,4413457,1388,49,538,183,618,11180,4877,5324,979,28625
2014,Louisiana,22,LA,MSA,3882924,4649676,20567,414,1161,5286,13706,138370,32569,96799,9002,329876
2014,Louisiana,22,LA,OMA,274037,4649676,2142,38,109,318,1677,14197,3416,10401,380,33952
2014,Louisiana,22,LA,NMC,492718,4649676,1225,25,105,91,1004,8257,2352,5396,509,20091
2014,Maine,23,ME,MSA,783170,1330089,984,13,247,215,509,16216,3083,12662,471,36499
2014,Maine,23,ME,OMA,266486,1330089,476,4,158,71,243,7036,1013,5836,187,15561
2014,Maine,23,ME,NMC,280436,1330089,240,4,80,18,138,3169,934,2094,141,7512
2014,Maryland,24,MD,MSA,5823197,5976407,26186,360,1583,9488,14755,146392,27175,106222,12995,346145
2014,Maryland,24,MD,OMA,53208,5976407,310,2,23,43,242,2015,347,1624,44,4687
2014,Maryland,24,MD,NMC,100005,5976407,165,3,13,13,136,1452,490,899,63,3559
2014,Massachusetts,25,MA,MSA,6646018,6745408,26077,132,2130,6010,17805,123126,24348,90571,8207,296677
2014,Massachusetts,25,MA,OMA,91693,6745408,310,0,41,26,243,2141,616,1472,53,5208
2014,Massachusetts,25,MA,NMC,7700,6745408,12,0,9,0,3,0,0,0,0,12
2014,Michigan,26,MI,MSA,8107119,9909877,38176,505,4674,7896,25101,176132,38736,117069,20327,429176
2014,Michigan,26,MI,OMA,603681,9909877,1491,9,567,79,836,12929,1608,10987,334,28957
2014,Michigan,26,MI,NMC,1199080,9909877,2681,21,1032,46,1582,13486,3840,9150,496,33493
2014,Minnesota,27,MN,MSA,4216485,5457173,10579,77,1494,3530,5478,103337,16623,79647,7067,233876
2014,Minnesota,27,MN,OMA,490824,5457173,1110,7,269,127,707,13223,1796,10765,662,29352
2014,Minnesota,27,MN,NMC,749867,5457173,816,4,238,30,544,8817,2354,5825,638,20804
2014,Mississippi,28,MS,MSA,1365251,2994079,3739,122,463,1344,1810,40942,9959,28361,2622,95582
2014,Mississippi,28,MS,OMA,588935,2994079,2898,82,311,916,1589,32064,8369,22564,1131,75395
2014,Mississippi,28,MS,NMC,1039896,2994079,1701,54,284,170,1193,14456,6024,7666,766,36637
2014,Missouri,29,MO,MSA,4507972,6063589,22258,348,2002,5295,14613,140163,27424,98387,14352,330008
2014,Missouri,29,MO,OMA,665781,6063589,2658,22,217,256,2163,24581,4101,19515,965,55921
2014,Missouri,29,MO,NMC,889839,6063589,1940,33,160,41,1706,11493,3733,6720,1040,28659
2014,Montana,30,MT,MSA,362657,1023579,1049,14,191,133,711,11788,1538,9329,921,26163
2014,Montana,30,MT,OMA,215365,1023579,1194,14,201,43,936,7219,996,5628,595,16628
2014,Montana,30,MT,NMC,445560,1023579,1070,9,149,27,885,6305,1061,4717,527,14741
2014,Nebraska,31,NE,MSA,1210549,1881503,4097,42,591,989,2475,36288,5759,26599,3930,82432
2014,Nebraska,31,NE,OMA,338088,1881503,900,4,213,49,634,8736,1494,6896,346,19866
2014,Nebraska,31,NE,NMC,332869,1881503,278,8,58,5,207,2455,697,1579,179,5885
2014,Nevada,32,NV,MSA,2565532,2839099,17199,157,1233,5903,9906,69217,20344,39084,9789,175977
2014,Nevada,32,NV,OMA,48965,2839099,348,4,45,17,282,1931,555,1235,141,4765
2014,Nevada,32,NV,NMC,224605,2839099,498,9,79,34,376,3390,1028,2107,255,8306
2014,New Hampshire,33,NH,MSA,830791,1326813,1745,11,336,428,970,16125,2474,13085,566,36469
2014,New Hampshire,33,NH,OMA,442984,1326813,795,1,244,107,443,9575,1590,7709,276,21535
2014,New Hampshire,33,NH,NMC,53041,1326813,62,0,14,2,46,341,98,228,15,842
2014,New Jersey,34,NJ,MSA,8938176,8938175,23346,349,1274,10498,11225,154993,31710,111578,11705,365042
2014,New Jersey,34,NJ,OMA,0,8938175,0,0,0,0,0,0,0,0,0,0
2014,New Jersey,34,NJ,NMC,0,8938175,0,0,0,0,0,0,0,0,0,0
2014,New Mexico,35,NM,MSA,1390854,2085572,8656,63,1031,1771,5791,51785,12140,34697,4948,124366
2014,New Mexico,35,NM,OMA,397994,2085572,2908,29,345,265,2269,17844,4382,12546,916,42978
2014,New Mexico,35,NM,NMC,296727,2085572,895,9,99,50,737,4248,1983,1839,426,11374
2014,New York,36,NY,MSA,18339381,19746227,72930,588,4592,23802,43948,315220,45937,254164,15119,749307
2014,New York,36,NY,OMA,518308,19746227,1217,10,236,195,776,13344,2328,10754,262,30233
2014,New York,36,NY,NMC,888541,19746227,1251,19,605,48,579,10718,2516,7847,355,25203
2014,North Carolina,37,NC,MSA,7727958,9943964,26053,359,1952,7148,16594,222495,58252,153363,10880,529295
2014,North Carolina,37,NC,OMA,648864,9943964,3958,77,198,907,2776,34021,8346,24464,1211,80346
2014,North Carolina,37,NC,NMC,1567145,9943964,2756,74,270,361,2051,29181,12775,14867,1539,73893
2014,North Dakota,38,ND,MSA,363188,739482,1055,8,190,116,741,8298,1369,6359,570,19020
2014,North Dakota,38,ND,OMA,180440,739482,683,12,130,47,494,5385,897,3852,636,12350
2014,North Dakota,38,ND,NMC,195857,739482,222,2,38,10,172,1922,441,1173,308,4507
2014,Ohio,39,OH,MSA,9218546,11594163,29798,417,4233,12195,12953,274917,67601,190658,16658,647233
2014,Ohio,39,OH,OMA,1049078,11594163,1861,23,451,445,942,32841,6279,25901,661,73822
2014,Ohio,39,OH,NMC,1326542,11594163,1371,24,358,113,876,16770,4965,11109,696,39876
2014,Oklahoma,40,OK,MSA,2526768,3878051,11796,141,1321,2680,7654,81680,20708,52585,8387,195864
2014,Oklahoma,40,OK,OMA,728922,3878051,3189,24,372,337,2456,26975,6244,19215,1516,63383
2014,Oklahoma,40,OK,NMC,622364,3878051,759,10,84,31,634,7327,2556,4091,680,17969
2014,Oregon,41,OR,MSA,3317293,3970239,7928,58,1232,1903,4735,97757,13901,75432,8424,217343
2014,Oregon,41,OR,OMA,306041,3970239,854,10,155,157,532,11299,1892,8770,637,25344
2014,Oregon,41,OR,NMC,346908,3970239,442,13,71,33,325,5249,1437,3324,488,12377
2014,Pennsylvania,42,PA,MSA,11296255,12787209,37654,588,3362,13278,20426,225908,41009,172530,12369,530479
2014,Pennsylvania,42,PA,OMA,688033,12787209,1499,6,137,153,1203,11068,1850,8938,280,25485
2014,Pennsylvania,42,PA,NMC,802924,12787209,1011,20,328,103,560,10040,2861,6788,391,23952
2014,Puerto Rico,72,PR,MSA,3394622,3548397,8134,657,55,5062,2360,44180,11558,28051,4571,108052
2014,Puerto Rico,72,PR,OMA,153777,3548397,249,24,1,109,115,1442,477,897,68,3610
2014,Puerto Rico,72,PR,NMC,0,3548397,0,0,0,0,0,0,0,0,0,0
2014,Rhode Island,44,RI,MSA,1055173,1055173,2287,25,341,528,1393,22874,4823,16253,1798,52858
2014,Rhode Island,44,RI,OMA,0,1055173,0,0,0,0,0,0,0,0,0,0
2014,Rhode Island,44,RI,NMC,0,1055173,26,0,20,1,5,61,0,26,35,148
2014,South Carolina,45,SC,MSA,4078155,4832482,19942,255,1740,3467,14480,140229,29590,99497,11142,329990
2014,South Carolina,45,SC,OMA,208221,4832482,1751,20,107,321,1303,11797,2541,8736,520,27886
2014,South Carolina,45,SC,NMC,546109,4832482,2359,36,221,209,1893,15191,4590,9361,1240,37331
2014,South Dakota,46,SD,MSA,405687,853175,1376,9,259,150,958,9285,1667,6996,622,21613
2014,South Dakota,46,SD,OMA,218452,853175,1220,6,171,45,998,5396,868,4208,320,12880
2014,South Dakota,46,SD,NMC,229039,853175,190,5,40,5,140,1221,283,873,65,2915
2014,Tennessee,47,TN,MSA,5053538,6549352,34046,320,2164,6837,24725,163447,36930,116117,10400,397870
2014,Tennessee,47,TN,OMA,516198,6549352,3203,21,183,312,2687,21421,4146,16367,908,50191
2014,Tennessee,47,TN,NMC,979619,6549352,2599,30,184,116,2269,15579,5566,8722,1291,39323
2014,Texas,48,TX,MSA,23907067,26956958,100400,1080,10252,30409,58659,746997,150305,531426,65266,1744699
2014,Texas,48,TX,OMA,1421342,26956958,5832,51,623,624,4534,44192,10320,32187,1685,104536
2014,Texas,48,TX,NMC,1628552,26956958,3182,53,518,148,2463,22745,8609,12541,1595,57281
2014,Utah,49,UT,MSA,2627377,2942902,5749,54,1292,1289,3114,78558,10488,61145,6925,173353
2014,Utah,49,UT,OMA,140375,2942902,300,1,105,14,180,3678,583,2929,166,8239
2014,Utah,49,UT,NMC,175153,2942902,297,12,57,9,219,2475,447,1821,207,5694
2014,Vermont,50,VT,MSA,215527,626562,214,2,22,24,166,4265,725,3427,113,9469
2014,Vermont,51,VT,OMA,207163,626562,260,1,47,38,174,3541,627,2856,58,7969
2014,Vermont,50,VT,NMC,203875,626562,148,7,41,8,92,1745,682,990,73,4320
2014,Virginia,51,VA,MSA,7266551,8326289,14413,284,1880,4039,8210,143779,19727,117192,6860,321698
2014,Virginia,51,VA,OMA,264413,8326289,702,15,113,146,428,7484,1145,6141,198,16815
2014,Virginia,51,VA,NMC,795328,8326289,1225,39,317,107,762,9457,2250,6600,607,22389
2014,Washington,53,WA,MSA,6347581,7061530,18611,159,2439,5441,10572,241934,49694,163120,29120,552173
2014,Washington,53,WA,OMA,294302,7061530,966,7,173,152,634,12803,2966,8873,964,29538
2014,Washington,53,WA,NMC,419650,7061530,559,8,83,47,421,6969,2630,3776,563,17127
2014,West Virginia,54,WV,MSA,1138731,1850326,3526,46,348,560,2572,29155,6857,20830,1468,68693
2014,West Virginia,54,WV,OMA,190439,1850326,721,10,41,50,620,3801,662,3032,107,8985
2014,West Virginia,54,WV,NMC,521159,1850326,1341,18,116,41,1166,4692,1454,2917,321,12179
2014,Wisconsin,55,WI,MSA,4251568,5757564,14890,143,1259,4961,8527,97688,16979,71524,9185,227245
2014,Wisconsin,55,WI,OMA,637106,5757564,1072,12,226,77,757,14813,1802,12664,347,32500
2014,Wisconsin,55,WI,NMC,868893,5757564,752,10,189,28,525,7737,2435,4915,387,18661
2014,Wyoming,56,WY,MSA,178197,584153,305,6,37,30,232,4292,733,3356,203,9622
2014,Wyoming,56,WY,OMA,246603,584153,594,6,81,18,489,5962,726,4945,291,13244
2014,Wyoming,56,WY,NMC,159356,584153,243,4,56,5,178,1223,230,884,109,2919
