Year,State,id,code,Area,Area Population,State Population,Violent Crime,Murder,Rape,Robbery,Aggravated Assault,Property Crime,Burglary,Larceny-theft,Motor Vehicle Theft,Total Crimes
2017,Alabama,1,AL,MSA,3732789,4874747,20585,340,1548,3738,14959,116031,24809,80666,10556,252647
2017,Alabama,1,AL,OMA,518602,4874747,3715,40,277,385,3013,20642,4169,15000,1473,44999
2017,Alabama,1,AL,NMC,623356,4874747,1251,24,203,94,930,7487,2499,4176,812,16225
2017,Alaska,2,AK,MSA,348650,739795,3859,38,418,830,2573,18698,2453,12750,3495,41255
2017,Alaska,2,AK,OMA,127272,739795,1064,6,218,83,757,4197,653,3262,282,9458
2017,Alaska,2,AK,NMC,263873,739795,1210,18,227,38,927,3309,1065,1763,481,7828
2017,Arizona,4,AZ,MSA,6665732,7016270,30412,376,3310,7316,19410,195650,35305,142278,18067,421712
2017,Arizona,4,AZ,OMA,125031,7016270,4790,35,261,92,4402,6958,1640,4559,759,18706
2017,Arizona,4,AZ,NMC,225507,7016270,442,5,10,32,395,1907,682,993,232,4256
2017,Arkansas,5,AR,MSA,1870966,3004279,11939,171,1258,1617,8893,64898,14566,44946,5386,141735
2017,Arkansas,5,AR,OMA,515402,3004279,2846,51,446,279,2070,18442,4726,12772,944,39730
2017,Arkansas,5,AR,NMC,617911,3004279,1886,36,349,39,1462,9149,2570,5656,923,20184
2017,California,6,CA,MSA,38706996,39536653,173659,1778,14254,56135,101492,969133,171737,631828,165568,2111925
2017,California,6,CA,OMA,263117,39536653,1641,13,182,296,1150,9240,1950,6070,1220,20121
2017,California,6,CA,NMC,566540,39536653,2327,39,285,191,1812,8741,3003,4135,1603,19809
2017,Colorado,8,CO,MSA,4904129,5607154,19326,209,3533,3743,11841,138023,20421,96613,20989,295372
2017,Colorado,8,CO,OMA,339363,5607154,829,5,209,80,535,10024,1443,8043,538,20877
2017,Colorado,8,CO,NMC,363662,5607154,483,7,116,15,345,3436,949,2153,334,7355
2017,Connecticut,9,CT,MSA,2967056,3588184,7739,95,732,2745,4167,59420,8014,44567,6839,126579
2017,Connecticut,9,CT,OMA,112933,3588184,125,1,24,22,78,1532,206,1215,111,3189
2017,Connecticut,9,CT,NMC,508195,3588184,316,6,81,46,183,2557,670,1528,359,5430
2017,Delaware,10,DE,MSA,961939,961939,4361,54,334,1082,2891,23476,3970,18137,1369,51313
2017,Delaware,10,DE,OMA,0,961939,0,0,0,0,0,0,0,0,0,0
2017,Delaware,10,DE,NMC,0,961939,0,0,0,0,0,1,0,1,0,2
2017,District of Columbia,11,DC,MSA,693972,693972,6974,116,444,2623,3791,29729,1809,25333,2587,66432
2017,District of Columbia,11,DC,OMA,0,693972,0,0,0,0,0,0,0,0,0,0
2017,District of Columbia,11,DC,NMC,0,693972,0,0,0,0,0,0,0,0,0,0
2017,Florida,12,FL,MSA,20272180,20984400,82182,1013,7678,18329,55162,512696,84730,385916,42050,1107574
2017,Florida,12,FL,OMA,148666,20984400,940,13,42,133,752,5002,1108,3601,293,10944
2017,Florida,12,FL,NMC,563554,20984400,2503,31,220,135,2117,9522,3015,5936,571,21547
2017,Georgia,13,GA,MSA,8648476,10429379,31963,617,2294,9194,19858,253813,45376,184272,24165,539589
2017,Georgia,13,GA,OMA,644485,10429379,2843,48,208,680,1907,25928,4979,20017,932,54699
2017,Georgia,13,GA,NMC,1136418,10429379,2452,38,216,170,2028,18557,5019,12372,1166,39566
2017,Hawaii,15,HI,MSA,1156252,1427538,2886,34,380,975,1497,33206,4237,24556,4413,69298
2017,Hawaii,15,HI,OMA,0,1427538,0,0,0,0,0,0,0,0,0,0
2017,Hawaii,15,HI,NMC,271286,1427538,691,5,187,102,397,7186,1312,5018,856,15063
2017,Idaho,16,ID,MSA,1262172,1716943,3067,20,563,170,2314,22617,4422,16514,1681,48301
2017,Idaho,16,ID,OMA,185424,1716943,425,6,66,19,334,3070,612,2274,184,6565
2017,Idaho,16,ID,NMC,269347,1716943,396,6,78,7,305,2392,621,1490,281,5180
2017,Illinois,17,IL,MSA,11331892,12802023,52451,958,4868,17292,29333,235187,38399,176814,19974,522825
2017,Illinois,17,IL,OMA,826086,12802023,2661,18,455,242,1946,17164,3389,13159,616,36989
2017,Illinois,17,IL,NMC,644045,12802023,1068,21,233,33,781,5146,1671,3184,291,11360
2017,Indiana,18,IN,MSA,5204012,6666818,24167,370,2212,6390,15195,137437,25342,98436,13659,299041
2017,Indiana,18,IN,OMA,521675,6666818,1237,9,140,149,939,14509,2046,11529,934,30255
2017,Indiana,18,IN,NMC,941131,6666818,1194,18,273,61,842,9186,2752,5626,808,19566
2017,Iowa,19,IA,MSA,1875128,3145711,5885,79,780,1103,3923,48116,10045,33812,4259,102117
2017,Iowa,19,IA,OMA,599405,3145711,2484,14,325,140,2005,14614,3368,10346,900,31712
2017,Iowa,19,IA,NMC,671178,3145711,861,11,129,10,711,4125,1665,2040,420,9111
2017,Kansas,20,KS,MSA,1983302,2913123,9097,127,1253,1562,6155,60179,9382,44337,6460,129455
2017,Kansas,20,KS,OMA,599197,2913123,2191,24,309,201,1657,17393,3262,13159,972,36977
2017,Kansas,20,KS,NMC,330624,2913123,742,9,65,22,646,4021,1287,2320,414,8784
2017,Kentucky,21,KY,MSA,2621479,4454189,7663,175,876,2586,4026,71161,13555,49835,7771,149985
2017,Kentucky,21,KY,OMA,542756,4454189,915,20,206,247,442,13481,2757,9686,1038,27877
2017,Kentucky,21,KY,NMC,1289954,4454189,1478,68,579,125,706,10191,3883,4873,1435,21860
2017,Louisiana,22,LA,MSA,3929950,4684333,22555,547,1690,5038,15280,138987,29388,99555,10044,300529
2017,Louisiana,22,LA,OMA,249151,4684333,1977,14,81,241,1641,11552,2874,8332,346,25081
2017,Louisiana,22,LA,NMC,505232,4684333,1560,21,96,79,1364,7173,2003,4598,572,15906
2017,Maine,23,ME,MSA,793252,1335907,949,6,273,189,481,12182,1815,9917,450,25313
2017,Maine,23,ME,OMA,255603,1335907,355,4,103,35,213,5022,716,4138,168,10399
2017,Maine,23,ME,NMC,287052,1335907,313,13,97,25,178,2929,803,1951,175,6171
2017,Maryland,24,MD,MSA,5901111,6052177,29897,545,1666,11135,16551,131261,22726,95128,13407,292419
2017,Maryland,24,MD,OMA,52511,6052177,255,0,17,46,192,2048,388,1569,91,4351
2017,Maryland,24,MD,NMC,98555,6052177,121,1,8,19,93,1187,394,723,70,2495
2017,Massachusetts,25,MA,MSA,6760988,6859819,24170,173,2143,4852,17002,97138,16785,72877,7476,218446
2017,Massachusetts,25,MA,OMA,91409,6859819,385,0,54,19,312,1437,304,1069,64,3259
2017,Massachusetts,25,MA,NMC,7422,6859819,5,0,0,0,5,0,0,0,0,5
2017,Michigan,26,MI,MSA,8164062,9962311,40136,528,5361,6366,27881,157112,31273,107231,18608,354360
2017,Michigan,26,MI,OMA,588043,9962311,1723,12,598,73,1040,10980,1342,9290,348,23683
2017,Michigan,26,MI,NMC,1210206,9962311,2967,29,1072,49,1817,11226,3026,7583,617,25419
2017,Minnesota,27,MN,MSA,4335177,5576606,11571,105,1895,3514,6057,103177,15151,79289,8737,217925
2017,Minnesota,27,MN,OMA,557001,5576606,1085,5,296,80,704,12299,1680,10011,608,25683
2017,Minnesota,27,MN,NMC,684428,5576606,635,3,194,27,411,6736,1956,4146,634,14107
2017,Mississippi,28,MS,MSA,1382070,2984100,3633,124,429,1088,1992,38696,8952,27189,2555,81025
2017,Mississippi,28,MS,OMA,582548,2984100,2790,51,326,731,1682,27061,8002,18001,1058,56912
2017,Mississippi,28,MS,NMC,1019482,2984100,2103,70,336,252,1445,15824,7756,7050,1018,33751
2017,Missouri,29,MO,MSA,4571538,6113532,27996,535,2278,6095,19088,141230,23244,100315,17671,310456
2017,Missouri,29,MO,OMA,659462,6113532,2340,23,279,204,1834,22169,3621,17353,1195,46678
2017,Missouri,29,MO,NMC,882532,6113532,2084,42,172,52,1818,9854,3216,5583,1055,21792
2017,Montana,30,MT,MSA,370184,1050493,1426,13,208,171,1034,14098,1694,11002,1402,29622
2017,Montana,30,MT,OMA,225508,1050493,1243,12,235,101,895,6851,807,5507,537,14945
2017,Montana,30,MT,NMC,454801,1050493,1292,16,170,23,1083,6276,1114,4509,653,13844
2017,Nebraska,31,NE,MSA,1253777,1920076,4768,37,856,897,2978,33202,4556,24117,4529,71172
2017,Nebraska,31,NE,OMA,338896,1920076,802,3,258,61,480,8312,1353,6507,452,17426
2017,Nebraska,31,NE,NMC,327403,1920076,303,3,77,10,213,2149,563,1364,222,4601
2017,Nevada,32,NV,MSA,2724009,2998039,15990,260,1773,4806,9151,74017,18877,42781,12359,164024
2017,Nevada,32,NV,OMA,48711,2998039,236,6,44,17,169,1377,330,932,115,2990
2017,Nevada,32,NV,NMC,225319,2998039,441,8,73,18,342,2928,842,1748,338,6297
2017,New Hampshire,33,NH,MSA,844743,1342795,1736,9,380,313,1034,11008,1447,8992,569,23752
2017,New Hampshire,33,NH,OMA,452773,1342795,882,5,267,104,506,7185,1019,5837,329,15252
2017,New Hampshire,33,NH,NMC,45279,1342795,50,0,16,2,32,362,108,237,17,774
2017,New Jersey,34,NJ,MSA,9005644,9005644,20604,324,1505,7895,10880,140086,23891,104025,12170,300776
2017,New Jersey,34,NJ,OMA,0,9005644,0,0,0,0,0,0,0,0,0,0
2017,New Jersey,34,NJ,NMC,0,9005644,0,0,0,0,0,0,0,0,0,0
2017,New Mexico,35,NM,MSA,1392948,2088070,12153,102,898,3409,7744,63392,12665,40610,10117,138937
2017,New Mexico,35,NM,OMA,398213,2088070,2734,29,220,260,2225,15333,3852,10322,1159,33400
2017,New Mexico,35,NM,NMC,296909,2088070,1472,17,141,53,1261,3581,1400,1685,496,8634
2017,New York,36,NY,MSA,18471765,19849399,68039,523,5291,19872,42353,276293,31528,231892,12873,620625
2017,New York,36,NY,OMA,506148,19849399,1260,11,278,187,784,15569,1562,13782,225,32398
2017,New York,36,NY,NMC,871486,19849399,1500,14,755,49,682,8693,1912,6469,312,18886
2017,North Carolina,37,NC,MSA,8060478,10273419,30803,450,2184,8154,20015,209340,47782,148496,13062,449483
2017,North Carolina,37,NC,OMA,650145,10273419,3778,75,225,837,2641,28282,7152,19894,1236,60342
2017,North Carolina,37,NC,NMC,1562796,10273419,2783,66,306,359,2052,23864,9852,12512,1500,50511
2017,North Dakota,38,ND,MSA,376890,755393,1193,4,226,143,820,10148,1567,7708,873,21489
2017,North Dakota,38,ND,OMA,195777,755393,748,4,131,35,578,4739,948,3163,628,10226
2017,North Dakota,38,ND,NMC,182726,755393,184,2,42,5,135,1715,427,1016,272,3614
2017,Ohio,39,OH,MSA,9298408,11658609,31168,642,4891,11034,14601,239845,49912,171437,18496,510858
2017,Ohio,39,OH,OMA,1044126,11658609,2007,36,550,421,1000,28425,4921,22543,961,58857
2017,Ohio,39,OH,NMC,1316075,11658609,1508,32,418,150,908,13764,3740,9228,796,29036
2017,Oklahoma,40,OK,MSA,2655595,3930864,13871,206,1629,2697,9339,81976,20294,52055,9627,177823
2017,Oklahoma,40,OK,OMA,710875,3930864,3002,28,389,265,2320,23683,5712,16235,1736,50368
2017,Oklahoma,40,OK,NMC,564394,3930864,1061,8,124,38,891,7407,2602,3917,888,15875
2017,Oregon,41,OR,MSA,3476871,4142776,9878,89,1701,2257,5831,107527,14417,77746,15364,224932
2017,Oregon,41,OR,OMA,311774,4142776,1009,4,160,143,702,11040,1786,8225,1029,23089
2017,Oregon,41,OR,NMC,354131,4142776,787,11,138,32,606,5155,1502,2906,747,11097
2017,Pennsylvania,42,PA,MSA,11340583,12805537,37390,693,3613,11547,21537,193907,28218,153344,12345,425204
2017,Pennsylvania,42,PA,OMA,675346,12805537,1585,21,137,155,1272,8829,1333,7263,233,19243
2017,Pennsylvania,42,PA,NMC,789608,12805537,1145,25,451,91,578,8484,2506,5571,407,18113
2017,Puerto Rico,72,PR,MSA,3190926,3337177,7509,658,201,3001,3649,30209,7606,19045,3558,67927
2017,Puerto Rico,72,PR,OMA,146251,3337177,253,21,8,54,170,967,343,588,36,2187
2017,Puerto Rico,72,PR,NMC,0,3337177,0,0,0,0,0,0,0,0,0,0
2017,Rhode Island,44,RI,MSA,1059639,1059639,2436,19,432,473,1512,18507,3217,13809,1481,39450
2017,Rhode Island,44,RI,OMA,0,1059639,0,0,0,0,0,0,0,0,0,0
2017,Rhode Island,44,RI,NMC,0,1059639,24,1,13,1,9,54,0,52,2,132
2017,South Carolina,45,SC,MSA,4279294,5024369,21216,313,2127,3369,15407,135417,24831,98083,12503,292050
2017,South Carolina,45,SC,OMA,203970,5024369,1919,26,137,278,1478,10918,2243,8178,497,23755
2017,South Carolina,45,SC,NMC,541105,5024369,2297,51,240,223,1783,14240,4232,8751,1257,30777
2017,South Dakota,46,SD,MSA,420832,869666,1638,13,324,174,1127,9929,1548,7460,921,21496
2017,South Dakota,46,SD,OMA,219744,869666,1914,7,213,53,1641,5297,870,4071,356,12508
2017,South Dakota,46,SD,NMC,229090,869666,219,5,58,11,145,1091,289,696,106,2401
2017,Tennessee,47,TN,MSA,5208587,6715984,37597,479,2443,7498,27177,163250,30730,117262,15258,364097
2017,Tennessee,47,TN,OMA,515162,6715984,3238,25,255,247,2711,19530,3503,14723,1304,42298
2017,Tennessee,47,TN,NMC,992235,6715984,2920,23,236,117,2544,14708,4483,8263,1962,32336
2017,Texas,48,TX,MSA,25244087,28304596,115298,1311,13133,31573,69281,673378,119794,488952,64632,1462054
2017,Texas,48,TX,OMA,1446994,28304596,5655,41,695,539,4380,34188,7824,24561,1803,74031
2017,Texas,48,TX,NMC,1613515,28304596,3285,60,642,155,2428,17762,6448,9708,1606,38809
2017,Utah,49,UT,MSA,2773185,3101833,6719,67,1544,1450,3658,80375,10856,60471,9048,167469
2017,Utah,49,UT,OMA,149804,3101833,378,3,92,11,272,3357,507,2626,224,7092
2017,Utah,49,UT,NMC,178844,3101833,313,3,61,7,242,2506,454,1795,257,5325
2017,Vermont,50,VT,MSA,218089,623657,389,3,97,44,245,3779,580,3157,42,7947
2017,Vermont,51,VT,OMA,202042,623657,394,2,82,34,276,3551,623,2864,64,7496
2017,Vermont,50,VT,NMC,203526,623657,251,9,39,14,189,1630,651,891,88,3511
2017,Virginia,51,VA,MSA,7428019,8470020,15714,387,2445,4088,8794,136408,15523,111728,9157,288530
2017,Virginia,51,VA,OMA,256861,8470020,714,26,90,158,440,6876,957,5586,333,14466
2017,Virginia,51,VA,NMC,785140,8470020,1204,40,327,86,751,8571,1988,5901,682,18346
2017,Washington,53,WA,MSA,6668792,7405743,20983,209,2944,5200,12630,217252,39446,150761,27045,455487
2017,Washington,53,WA,OMA,304884,7405743,1045,9,221,149,666,12014,2145,8661,1208,25073
2017,Washington,53,WA,NMC,432067,7405743,520,12,90,41,377,5761,2129,3089,543,12042
2017,West Virginia,54,WV,MSA,1123324,1815857,4244,62,558,443,3181,25592,5687,17609,2296,55428
2017,West Virginia,54,WV,OMA,186093,1815857,620,8,88,49,475,3502,589,2700,213,7624
2017,West Virginia,54,WV,NMC,506440,1815857,1504,15,149,32,1308,4536,1352,2691,493,10576
2017,Wisconsin,55,WI,MSA,4296895,5795483,16365,171,1632,4237,10325,84630,14080,61920,8630,185625
2017,Wisconsin,55,WI,OMA,655239,5795483,1303,7,285,87,924,13578,1598,11533,447,28459
2017,Wisconsin,55,WI,NMC,843349,5795483,871,8,222,21,620,6594,1921,4282,391,14059
2017,Wyoming,56,WY,MSA,178138,579315,465,6,94,55,310,4881,784,3678,419,10227
2017,Wyoming,56,WY,OMA,245155,579315,589,3,112,19,455,4597,580,3759,258,9783
2017,Wyoming,56,WY,NMC,156022,579315,322,6,57,2,257,1126,229,795,102,2574
2016,Alabama,1,AL,MSA,3716889,4863300,20949,332,1498,4200,14919,115564,27156,78771,9637,252077
2016,Alabama,1,AL,OMA,520422,4863300,3646,42,269,421,2914,20291,4275,14641,1375,44228
2016,Alabama,1,AL,NMC,625989,4863300,1291,33,149,65,1044,7507,2634,4162,711,16305
2016,Alaska,2,AK,MSA,350298,741894,3751,35,583,741,2392,17143,2243,12620,2280,38037
2016,Alaska,2,AK,OMA,128053,741894,989,2,169,73,745,4177,672,3184,321,9343
2016,Alaska,2,AK,NMC,263543,741894,1226,15,301,36,874,3556,1138,1962,456,8338
2016,Arizona,4,AZ,MSA,6583506,6931071,27789,338,3025,6971,17455,198543,35844,145152,17547,424875
2016,Arizona,4,AZ,OMA,124210,6931071,4342,32,250,65,3995,5937,1199,4069,669,16216
2016,Arizona,4,AZ,NMC,223355,6931071,452,10,15,19,408,1952,693,1054,205,4356
2016,Arkansas,5,AR,MSA,1851896,2988248,11576,144,1316,1711,8405,68762,15655,47856,5251,149100
2016,Arkansas,5,AR,OMA,515688,2988248,3109,47,500,369,2193,19599,5236,13327,1036,42307
2016,Arkansas,5,AR,NMC,620664,2988248,1776,25,327,40,1384,9312,2880,5564,868,20400
2016,California,6,CA,MSA,38426705,2988248,170887,1880,13292,54296,101419,983927,182929,626856,174113,2138712
2016,California,6,CA,OMA,268891,2988248,1805,8,164,310,1323,9604,2243,6260,1101,21013
2016,California,6,CA,NMC,554421,39250017,2104,42,246,183,1633,8539,3132,3894,1513,19182
2016,Colorado,8,CO,MSA,4845078,39250017,17882,190,3235,3459,10998,139156,21542,98740,18854,296174
2016,Colorado,8,CO,OMA,337897,39250017,697,11,181,52,453,9405,1408,7557,404,19471
2016,Colorado,8,CO,NMC,357570,5540545,404,3,139,17,245,3289,953,2039,297,6982
2016,Connecticut,9,CT,MSA,2961626,3576452,7706,70,685,2629,4322,60060,9054,44302,6704,127826
2016,Connecticut,9,CT,OMA,113580,3576452,135,1,21,37,76,1756,248,1417,91,3647
2016,Connecticut,9,CT,NMC,501246,3576452,282,7,57,37,181,2848,743,1793,312,5978
2016,Delaware,10,DE,MSA,952065,952065,4843,56,307,1359,3121,26333,5023,19790,1520,57509
2016,Delaware,10,DE,OMA,0,952065,0,0,0,0,0,0,0,0,0,0
2016,Delaware,10,DE,NMC,0,952065,1,0,1,0,0,1,0,1,0,3
2016,District of Columbia,11,DC,MSA,681170,681170,8214,139,532,3480,4063,32716,2361,27382,2973,73646
2016,District of Columbia,11,DC,OMA,0,681170,0,0,0,0,0,0,0,0,0,0
2016,District of Columbia,11,DC,NMC,0,681170,0,0,0,0,0,0,0,0,0,0
2016,Florida,12,FL,MSA,19905117,20612439,85327,1071,7352,19889,57015,538945,96110,400513,42322,1163217
2016,Florida,12,FL,OMA,146572,20612439,985,11,44,149,781,5459,1229,3967,263,11903
2016,Florida,12,FL,NMC,560750,20612439,2388,29,202,137,2020,9408,2986,5872,550,21204
2016,Georgia,13,GA,MSA,8537584,10310371,35206,588,2986,11297,20335,262449,52298,185405,24746,560104
2016,Georgia,13,GA,OMA,644378,10310371,3132,59,238,717,2118,27637,5550,21226,861,58406
2016,Georgia,13,GA,NMC,1128409,10310371,2652,34,285,191,2142,19684,5496,12994,1194,42020
2016,Hawaii,15,HI,MSA,1160343,1428557,3781,21,459,904,2397,36333,4736,26534,5063,76447
2016,Hawaii,15,HI,OMA,0,1428557,0,0,0,0,0,0,0,0,0,0
2016,Hawaii,15,HI,NMC,268214,1428557,636,14,160,90,372,6420,1281,4548,591,13476
2016,Idaho,16,ID,MSA,1127333,1683140,2775,28,507,170,2070,21858,4307,16026,1525,46491
2016,Idaho,16,ID,OMA,255530,1683140,592,11,117,32,432,4625,993,3340,292,9842
2016,Idaho,16,ID,NMC,300277,1683140,509,10,95,11,393,2874,1018,1596,260,6257
2016,Illinois,17,IL,MSA,11329203,12801539,52414,1022,4340,17544,29508,239672,42707,177817,19148,531758
2016,Illinois,17,IL,OMA,829170,12801539,2399,7,355,235,1802,17269,3499,13291,479,36937
2016,Illinois,17,IL,NMC,643166,12801539,1041,25,213,48,755,5365,1783,3299,283,11771
2016,Indiana,18,IN,MSA,5169542,6633053,24435,396,2068,7126,14845,148420,29206,105936,13278,321275
2016,Indiana,18,IN,OMA,522889,6633053,1236,11,178,159,888,14740,2202,11730,808,30716
2016,Indiana,18,IN,NMC,940622,6633053,1174,32,255,45,842,8599,2689,5265,645,18372
2016,Iowa,19,IA,MSA,1857824,3134693,6192,50,891,971,4280,46504,9882,32856,3766,99200
2016,Iowa,19,IA,OMA,595688,3134693,2151,13,246,166,1726,14760,3441,10516,803,31671
2016,Iowa,19,IA,NMC,681181,3134693,767,8,110,11,638,4127,1707,2006,414,9021
2016,Kansas,20,KS,MSA,1970971,2907289,8310,86,898,1460,5866,57021,9579,41845,5597,122352
2016,Kansas,20,KS,OMA,605300,2907289,2068,12,341,187,1528,17483,3394,13116,973,37034
2016,Kansas,20,KS,NMC,331018,2907289,682,13,73,24,572,3863,1391,2105,367,8408
2016,Kentucky,21,KY,MSA,2604116,4436974,7859,176,879,2911,3893,73569,14192,51591,7786,154997
2016,Kentucky,21,KY,OMA,538773,4436974,959,14,195,298,452,13676,2835,9932,909,28311
2016,Kentucky,21,KY,NMC,1294085,4436974,1490,70,567,160,693,9913,3807,4915,1191,21316
2016,Louisiana,22,LA,MSA,3923928,4681666,23135,499,1639,5220,15777,135537,29581,96462,343,285058
2016,Louisiana,22,LA,OMA,248647,4681666,1758,21,82,268,1387,11525,2941,8210,374,24808
2016,Louisiana,22,LA,NMC,509091,4681666,1609,34,95,88,1392,7324,2145,4708,471,16257
2016,Maine,23,ME,MSA,789447,1331479,1003,8,225,198,572,13743,2404,10881,458,28489
2016,Maine,23,ME,OMA,258813,1331479,396,7,116,53,220,5404,839,4416,149,11204
2016,Maine,23,ME,NMC,283219,1331479,249,5,71,15,158,2765,760,1837,168,5779
2016,Maryland,24,MD,MSA,5866031,6016447,28003,477,1711,10222,15593,134419,24001,98686,11732,296841
2016,Maryland,24,MD,OMA,52622,6016447,246,3,24,58,161,1823,325,1451,47,3892
2016,Maryland,24,MD,NMC,97794,6016447,151,1,21,9,120,1203,366,782,55,2557
2016,Massachusetts,25,MA,MSA,6713214,6811779,25319,129,2070,5344,17776,104725,18841,77877,8007,234769
2016,Massachusetts,25,MA,OMA,91574,6811779,353,5,57,21,270,1614,352,1211,51,3581
2016,Massachusetts,25,MA,NMC,6991,6811779,5,0,1,0,4,0,0,0,0,5
2016,Michigan,26,MI,MSA,8132404,9928300,40579,568,5317,6979,27715,165307,34612,111510,19185,371193
2016,Michigan,26,MI,OMA,596485,9928300,1611,8,548,78,977,11623,1389,9880,354,24857
2016,Michigan,26,MI,NMC,1199411,9928300,3382,22,1260,63,2037,12690,3567,8486,637,28762
2016,Minnesota,27,MN,MSA,4285006,5519952,11636,84,1891,3610,6051,99694,15244,76823,7627,211024
2016,Minnesota,27,MN,OMA,536351,5519952,1071,9,265,93,704,11809,1529,9732,548,24689
2016,Minnesota,27,MN,NMC,698595,5519952,687,8,192,25,462,6253,1833,3867,553,13193
2016,Mississippi,28,MS,MSA,1377735,2988726,3732,111,431,1298,1892,39162,8556,28063,2543,82056
2016,Mississippi,28,MS,OMA,582351,2988726,2602,75,360,829,1338,27419,7853,18587,979,57440
2016,Mississippi,28,MS,NMC,1028640,2988726,2049,52,486,270,1241,16151,6945,8404,802,34351
2016,Missouri,29,MO,MSA,4549686,6093000,26941,474,2151,6269,18047,138978,24544,98121,16313,304897
2016,Missouri,29,MO,OMA,660363,6093000,2450,32,240,242,1936,21296,3665,16643,988,45042
2016,Missouri,29,MO,NMC,882951,6093000,2253,31,163,59,2000,10275,3501,5780,994,22803
2016,Montana,30,MT,MSA,367953,1042520,1307,7,185,172,943,13392,1824,10193,1375,28091
2016,Montana,30,MT,OMA,220793,1042520,1335,11,242,68,1014,7694,938,6096,660,16723
2016,Montana,30,MT,NMC,453774,1042520,1198,18,151,26,1003,6890,1172,5010,708,14978
2016,Nebraska,31,NE,MSA,1240589,1907116,4398,43,723,878,2754,32713,4451,24143,4119,69824
2016,Nebraska,31,NE,OMA,338960,1907116,848,4,200,59,585,8249,1421,6426,402,17346
2016,Nebraska,31,NE,NMC,327567,1907116,304,2,71,9,222,2201,572,1425,204,4706
2016,Nevada,32,NV,MSA,2668109,2940058,19133,209,1616,6292,11016,71672,17652,41249,12771,162477
2016,Nevada,32,NV,OMA,48603,2940058,311,5,49,21,236,1308,327,875,106,2927
2016,Nevada,32,NV,NMC,223346,2940058,492,10,68,27,387,3067,871,1893,303,6626
2016,New Hampshire,33,NH,MSA,839311,1334795,1733,10,343,329,1051,12030,1594,9881,555,25793
2016,New Hampshire,33,NH,OMA,452615,1334795,839,6,224,95,514,7829,1250,6294,285,16497
2016,New Hampshire,33,NH,NMC,42869,1334795,65,1,15,3,46,335,119,185,31,735
2016,New Jersey,34,NJ,MSA,8944469,8944469,21914,372,1453,8984,11105,138152,25284,101540,11328,298218
2016,New Jersey,34,NJ,OMA,0,8944469,0,0,0,0,0,0,0,0,0,0
2016,New Jersey,34,NJ,NMC,0,8944469,0,0,0,0,0,0,0,0,0,0
2016,New Mexico,35,NM,MSA,1386406,2081015,10643,90,1059,2406,7088,61774,12273,39287,10214,134191
2016,New Mexico,35,NM,OMA,399862,2081015,2710,35,281,299,2095,16682,3729,11857,1096,36074
2016,New Mexico,35,NM,NMC,294747,2081015,1266,14,186,32,1034,3475,1279,1763,433,8216
2016,New York,36,NY,MSA,18370635,19745289,71584,612,5246,22074,43652,284602,35733,235018,13851,640788
2016,New York,36,NY,OMA,506786,19745289,1324,13,318,184,809,11344,1965,9147,232,24012
2016,New York,36,NY,NMC,867868,19745289,1377,5,696,58,618,9235,2123,6803,309,19847
2016,North Carolina,37,NC,MSA,7938934,10146788,30715,492,2290,8110,19823,220854,52773,155488,12593,472423
2016,North Carolina,37,NC,OMA,649752,10146788,3870,76,258,876,2660,30403,8063,21075,1265,64676
2016,North Carolina,37,NC,NMC,1558102,10146788,3184,110,301,350,2423,26508,11246,13814,1448,56200
2016,North Dakota,38,ND,MSA,371557,757952,1119,8,214,136,761,10363,1820,7562,981,21845
2016,North Dakota,38,ND,OMA,201068,757952,592,5,86,36,465,5033,936,3449,648,10658
2016,North Dakota,38,ND,NMC,185327,757952,192,2,42,9,139,2006,487,1184,335,4204
2016,Ohio,39,OH,MSA,9255325,11614373,31626,592,4731,11914,14389,253645,56493,178994,18158,538916
2016,Ohio,39,OH,OMA,1046316,11614373,1806,31,471,412,892,29716,5714,23222,780,61238
2016,Ohio,39,OH,NMC,1312732,11614373,1445,31,387,197,830,15996,4676,10591,729,33437
2016,Oklahoma,40,OK,MSA,2640800,3923561,13866,196,1577,2824,9269,86913,20702,56372,9839,187692
2016,Oklahoma,40,OK,OMA,682233,3923561,2716,28,324,311,2053,22863,5568,15789,1506,48442
2016,Oklahoma,40,OK,NMC,600528,3923561,1066,21,138,27,880,7261,2833,3618,810,15588
2016,Oregon,41,OR,MSA,3431824,4093465,9278,72,1483,2129,5594,104098,13706,78729,11663,217474
2016,Oregon,41,OR,OMA,308081,4093465,770,11,137,119,503,11884,1830,9264,790,24538
2016,Oregon,41,OR,NMC,353560,4093465,782,30,101,30,621,5363,1330,3293,740,11508
2016,Pennsylvania,42,PA,MSA,11313467,12784227,37394,627,3543,12038,21186,204598,31708,160485,12405,446590
2016,Pennsylvania,42,PA,OMA,681636,12784227,1609,10,137,169,1293,9449,1437,7753,259,20507
2016,Pennsylvania,42,PA,NMC,789124,12784227,1444,24,753,119,548,8748,2375,5990,383,18940
2016,Puerto Rico,72,PR,MSA,3262275,3411307,7362,650,160,3155,3397,34107,7907,22453,3747,75576
2016,Puerto Rico,72,PR,OMA,149032,3411307,281,29,9,46,197,1094,344,710,40,2469
2016,Puerto Rico,72,PR,NMC,0,3411307,0,0,0,0,0,0,0,0,0,0
2016,Rhode Island,44,RI,MSA,1056426,1056426,2489,28,420,539,1502,19978,3787,14611,1580,42445
2016,Rhode Island,44,RI,OMA,0,1056426,0,0,0,0,0,0,0,0,0,0
2016,Rhode Island,44,RI,NMC,0,1056426,35,1,22,1,11,80,1,63,16,195
2016,South Carolina,45,SC,MSA,4212891,4961119,20933,303,2016,3500,15114,136379,26574,97566,12239,293691
2016,South Carolina,45,SC,OMA,205750,4961119,1787,34,151,309,1293,11166,2375,8328,463,24119
2016,South Carolina,45,SC,NMC,542478,4961119,2176,29,220,226,1701,13383,4027,8138,1218,28942
2016,South Dakota,46,SD,MSA,416782,865454,1735,15,309,211,1200,10384,1802,7584,998,22503
2016,South Dakota,46,SD,OMA,219496,865454,1673,6,159,55,1453,5554,887,4273,394,12781
2016,South Dakota,46,SD,NMC,229176,865454,213,6,41,6,160,1203,311,782,110,2619
2016,Tennessee,47,TN,MSA,5151809,6651194,36002,435,2261,7403,25903,154421,31772,110354,12295,344844
2016,Tennessee,47,TN,OMA,513895,6651194,3326,25,244,290,2767,20509,3890,15469,1150,44344
2016,Tennessee,47,TN,NMC,985490,6651194,2769,26,209,120,2414,14905,4650,8581,1674,32579
2016,Texas,48,TX,MSA,24814265,27862596,112275,1382,12049,32551,66293,710123,132303,512191,65629,1532521
2016,Texas,48,TX,OMA,1439521,27862596,5656,46,708,614,4288,39863,9250,28677,1936,85382
2016,Texas,48,TX,NMC,1608810,27862596,3111,50,610,152,2299,18961,7187,10283,1491,41033
2016,Utah,49,UT,MSA,2725548,3051217,6721,63,1375,1505,3778,83912,11789,63255,8868,174545
2016,Utah,49,UT,OMA,149141,3051217,354,2,90,22,240,3529,535,2779,215,7412
2016,Utah,49,UT,NMC,176528,3051217,332,7,55,14,256,2617,512,1800,305,5566
2016,Vermont,50,VT,MSA,217636,624594,439,7,74,54,304,4894,747,4058,89,10227
2016,Vermont,51,VT,OMA,203654,624594,322,1,62,40,219,3607,585,2937,85,7536
2016,Vermont,50,VT,NMC,203304,624594,228,6,42,12,168,2101,771,1222,108,4430
2016,Virginia,51,VA,MSA,7366234,8411808,16236,406,2236,4572,9022,141037,17122,114954,8961,298310
2016,Virginia,51,VA,OMA,259405,8411808,849,23,147,140,539,6745,919,5568,258,14339
2016,Virginia,51,VA,NMC,786169,8411808,1217,55,354,91,717,8630,1977,6084,569,18477
2016,Washington,53,WA,MSA,6561914,7288000,20475,172,2786,5467,12050,235814,44546,160790,30478,492103
2016,Washington,53,WA,OMA,299860,7288000,1004,7,199,154,644,12894,2652,9004,1238,26792
2016,Washington,53,WA,NMC,426226,7288000,544,16,92,30,406,5945,1982,3393,570,12434
2016,West Virginia,54,WV,MSA,1131010,1831102,4334,52,460,597,3225,29486,7377,20151,1958,63306
2016,West Virginia,54,WV,OMA,187738,1831102,648,3,37,58,550,3220,533,2529,158,7088
2016,West Virginia,54,WV,NMC,512354,1831102,1575,26,160,65,1324,4781,1391,2997,393,11137
2016,Wisconsin,55,WI,MSA,4281462,5778708,15515,205,1541,4608,9161,90113,15411,65509,9193,195741
2016,Wisconsin,55,WI,OMA,648096,5778708,1254,14,251,66,923,14471,1748,12350,373,30196
2016,Wisconsin,55,WI,NMC,849150,5778708,910,10,187,32,681,7136,2266,4478,392,15182
2016,Wyoming,56,WY,MSA,180145,585501,413,8,59,30,316,5020,866,3739,415,10453
2016,Wyoming,56,WY,OMA,245821,585501,663,10,117,27,509,5321,674,4355,292,11305
2016,Wyoming,56,WY,NMC,159535,585501,354,2,29,2,321,1119,231,795,93,2592
